video_id,concept_id
1,1
1,2
1,3
1,4
1,5
1,6
1,7
1,8
1,9
1,10
2,11
2,12
2,13
2,14
2,15
2,16
2,6
2,17
2,18
2,9
3,19
3,11
3,20
3,21
3,12
3,22
3,17
3,9
3,23
3,24
4,25
4,26
4,27
4,13
4,28
4,29
4,30
4,9
4,31
4,32
5,33
5,34
5,35
5,9
5,36
5,37
5,38
5,39
5,24
5,40
6,41
6,42
6,16
6,22
6,43
6,44
6,17
6,9
6,45
6,32
7,13
7,46
7,47
7,4
7,48
7,49
7,6
7,7
7,9
7,50
8,12
8,41
8,13
8,2
8,51
8,52
8,53
8,9
8,54
8,55
9,56
9,2
9,34
9,35
9,57
9,5
9,58
9,9
9,36
9,23
10,59
10,41
10,60
10,61
10,9
10,62
10,32
10,23
10,63
10,64
11,12
11,41
11,13
11,65
11,66
11,67
11,68
11,69
11,9
11,70
12,71
12,13
12,72
12,73
12,74
12,75
12,51
12,9
12,76
12,32
13,71
13,77
13,13
13,28
13,78
13,75
13,6
13,9
13,76
13,32
14,2
14,47
14,79
14,6
14,8
14,80
14,9
14,10
14,54
14,81
15,82
15,83
15,16
15,84
15,85
15,86
15,87
15,88
15,89
15,9
16,90
16,91
16,13
16,92
16,5
16,68
16,6
16,9
16,32
16,93
17,20
17,12
17,14
17,94
17,15
17,16
17,9
17,76
17,70
17,95
18,33
18,12
18,13
18,96
18,97
18,98
18,48
18,99
18,9
18,70
19,91
19,41
19,100
19,101
19,75
19,102
19,9
19,32
19,63
19,64
20,59
20,12
20,46
20,103
20,104
20,105
20,9
20,76
20,106
20,107
21,108
21,109
21,110
21,12
21,111
21,51
21,112
21,6
21,9
21,55
22,12
22,41
22,15
22,48
22,113
22,114
22,115
22,23
22,38
22,116
23,117
23,118
23,119
23,92
23,120
23,22
23,6
23,121
23,9
23,63
24,122
24,12
24,13
24,46
24,22
24,74
24,51
24,9
24,70
24,123
25,124
25,12
25,2
25,96
25,125
25,51
25,6
25,114
25,23
25,126
26,1
26,91
26,2
26,127
26,22
26,3
26,128
26,129
26,8
26,9
27,11
27,28
27,130
27,131
27,48
27,9
27,31
27,32
27,63
27,132
28,13
28,133
28,46
28,78
28,16
28,17
28,9
28,70
28,107
28,134
29,2
29,135
29,3
29,5
29,6
29,8
29,9
29,10
29,136
29,137
30,16
30,22
30,138
30,139
30,75
30,51
30,9
30,62
30,32
30,23
31,90
31,91
31,2
31,135
31,22
31,140
31,5
31,9
31,141
31,10
32,1
32,142
32,143
32,135
32,22
32,79
32,144
32,6
32,9
32,32
33,145
33,12
33,13
33,96
33,68
33,87
33,114
33,45
33,146
33,147
34,90
34,148
34,13
34,149
34,104
34,105
34,6
34,9
34,107
34,150
35,151
35,152
35,101
35,128
35,153
35,9
35,62
35,32
35,63
35,54
36,154
36,155
36,156
36,157
36,9
36,62
36,32
36,63
37,158
37,159
37,154
37,29
37,155
37,156
37,160
37,51
37,114
37,63
38,161
38,15
38,22
38,162
38,75
38,163
38,164
38,9
38,62
38,23
39,90
39,165
39,27
39,13
39,16
39,166
39,167
39,9
39,63
39,107
40,168
40,169
40,22
40,51
40,170
40,171
40,62
40,115
40,93
40,38
41,41
41,172
41,173
41,174
41,51
41,175
41,6
41,9
41,115
41,176
42,177
42,158
42,178
42,22
42,51
42,163
42,18
42,102
42,9
42,107
43,179
43,180
43,22
43,51
43,181
43,114
43,164
43,37
43,93
43,39
44,56
44,13
44,46
44,92
44,182
44,22
44,128
44,183
44,9
44,70
45,184
45,56
45,185
45,12
45,13
45,104
45,186
45,9
45,23
45,107
46,13
46,187
46,30
46,188
46,189
46,167
46,190
46,9
46,63
46,107
47,191
47,12
47,13
47,139
47,48
47,192
47,51
47,9
47,70
47,193
48,56
48,34
48,16
48,35
48,194
48,17
48,53
48,9
48,54
48,24
49,13
49,28
49,195
49,196
49,197
49,198
49,58
49,9
49,31
49,23
50,71
50,185
50,199
50,148
50,118
50,104
50,200
50,9
50,76
50,107
51,201
51,202
51,203
51,125
51,72
51,74
51,51
51,164
51,9
51,32
52,41
52,13
52,42
52,204
52,74
52,9
52,205
52,32
52,115
52,23
53,206
53,187
53,207
53,104
53,35
53,208
53,88
53,209
53,9
53,39
54,191
54,27
54,173
54,74
54,4
54,6
54,210
54,211
54,9
54,55
55,13
55,34
55,125
55,35
55,22
55,75
55,164
55,62
55,32
55,23
56,161
56,168
56,100
56,101
56,22
56,51
56,170
56,9
56,23
56,38
57,212
57,11
57,13
57,130
57,22
57,79
57,48
57,6
57,9
57,132
58,191
58,213
58,46
58,22
58,74
58,51
58,9
58,31
58,23
58,214
59,143
59,108
59,202
59,22
59,139
59,53
59,9
59,31
59,32
59,132
60,11
60,202
60,215
60,216
60,217
60,48
60,75
60,9
60,218
60,132
61,28
61,130
61,215
61,219
61,220
61,9
61,31
61,32
61,63
61,132
62,221
62,199
62,148
62,118
62,104
62,140
62,105
62,181
62,9
62,107
63,108
63,222
63,74
63,51
63,6
63,9
63,36
63,63
63,64
63,55
64,25
64,27
64,28
64,223
64,22
64,139
64,9
64,32
64,63
64,224
65,11
65,13
65,28
65,225
65,46
65,226
65,48
65,49
65,167
65,9
66,165
66,25
66,227
66,201
66,130
66,204
66,228
66,9
66,62
66,63
67,11
67,13
67,103
67,229
67,68
67,6
67,18
67,9
67,23
67,132
68,90
68,25
68,108
68,201
68,130
68,72
68,48
68,9
68,63
68,230
69,231
69,232
69,233
69,234
69,235
69,236
69,237
69,238
69,239
69,240
70,28
70,187
70,241
70,242
70,243
70,244
70,208
70,17
70,245
70,246
71,247
71,248
71,249
71,250
71,251
71,252
71,253
71,254
71,255
71,256
72,257
72,12
72,258
72,259
72,104
72,244
72,250
72,260
72,261
72,262
73,263
73,185
73,152
73,264
73,265
73,259
73,104
73,266
73,267
73,252
74,104
74,268
74,250
74,267
74,252
74,233
74,269
74,262
74,270
74,271
75,104
75,272
75,266
75,273
75,267
75,252
75,274
75,275
75,276
75,277
76,278
76,258
76,100
76,279
76,104
76,280
76,250
76,281
76,269
76,262
77,282
77,283
77,104
77,284
77,266
77,285
77,267
77,252
77,286
77,276
78,13
78,287
78,104
78,144
78,288
78,250
78,252
78,289
78,276
78,269
79,154
79,290
79,291
79,104
79,156
79,250
79,292
79,293
79,261
79,269
80,122
80,12
80,258
80,104
80,144
80,105
80,244
80,250
80,261
80,294
81,295
81,258
81,296
81,215
81,297
81,104
81,284
81,250
81,252
81,276
82,298
82,278
82,299
82,216
82,300
82,301
82,302
82,303
82,304
82,305
83,11
83,185
83,306
83,28
83,225
83,307
83,173
83,308
83,251
83,309
84,310
84,311
84,312
84,250
84,313
84,252
84,314
84,233
84,262
84,315
85,91
85,61
85,79
85,316
85,266
85,250
85,317
85,166
85,87
85,318
86,56
86,319
86,91
86,278
86,128
86,268
86,250
86,320
86,87
86,262
87,77
87,258
87,321
87,175
87,250
87,322
87,53
87,323
87,324
87,325
88,258
88,104
88,326
88,250
88,267
88,252
88,274
88,323
88,327
88,262
89,91
89,258
89,100
89,280
89,328
89,329
89,250
89,308
89,53
89,262
90,258
90,250
90,252
90,323
90,262
90,330
90,324
90,325
90,331
90,332
91,278
91,258
91,333
91,329
91,323
91,253
91,261
91,262
91,324
91,334
92,335
92,151
92,169
92,216
92,128
92,266
92,18
92,336
92,337
92,305
93,298
93,338
93,91
93,258
93,249
93,339
93,340
93,128
93,252
93,293
94,278
94,341
94,258
94,280
94,250
94,87
94,261
94,262
94,342
94,343
95,344
95,185
95,28
95,345
95,228
95,128
95,326
95,9
95,261
95,346
96,258
96,347
96,104
96,348
96,326
96,250
96,349
96,261
96,269
96,350
97,351
97,261
97,233
97,269
97,352
97,353
97,354
97,355
97,356
97,357
98,358
98,258
98,359
98,360
98,361
98,268
98,250
98,362
98,363
98,352
99,12
99,258
99,364
99,250
99,365
99,252
99,366
99,323
99,367
99,368
100,12
100,258
100,369
100,104
100,266
100,250
100,365
100,252
100,274
100,323
101,185
101,278
101,180
101,104
101,268
101,328
101,329
101,308
101,349
101,370
102,91
102,12
102,258
102,268
102,364
102,250
102,308
102,53
102,371
102,294
103,104
103,372
103,51
103,329
103,364
103,250
103,308
103,349
103,269
103,271
104,373
104,374
104,104
104,272
104,266
104,250
104,252
104,274
104,275
104,277
105,375
105,187
105,243
105,376
105,377
105,378
105,379
105,380
105,381
105,382
106,383
106,384
106,345
106,268
106,385
106,69
106,308
106,386
106,303
106,387
107,91
107,258
107,388
107,22
107,250
107,389
107,308
107,314
107,261
107,390
108,278
108,258
108,268
108,250
108,389
108,251
108,391
108,323
108,261
108,392
109,335
109,185
109,393
109,250
109,317
109,389
109,308
109,87
109,309
109,394
110,335
110,91
110,258
110,22
110,72
110,389
110,308
110,53
110,371
110,309
111,395
111,151
111,119
111,374
111,180
111,268
111,364
111,250
111,314
111,271
112,396
112,374
112,388
112,397
112,79
112,250
112,53
112,293
112,349
112,269
113,398
113,91
113,258
113,83
113,228
113,4
113,268
113,308
113,303
113,371
114,151
114,399
114,278
114,400
114,280
114,198
114,250
114,53
114,401
114,349
115,335
115,258
115,228
115,266
115,250
115,308
115,53
115,262
115,371
115,394
116,46
116,402
116,374
116,265
116,280
116,79
116,403
116,293
116,404
116,269
117,405
117,258
117,104
117,328
117,406
117,308
117,322
117,87
117,407
117,294
118,151
118,91
118,83
118,345
118,180
118,268
118,329
118,308
118,408
118,409
119,258
119,104
119,328
119,329
119,308
119,53
119,366
119,289
119,253
119,410
120,83
120,411
120,268
120,389
120,308
120,87
120,53
120,123
120,412
120,294
121,263
121,405
121,258
121,104
121,348
121,268
121,308
121,413
121,414
121,415
122,148
122,258
122,104
122,328
122,329
122,389
122,308
122,89
122,407
122,416
123,417
123,268
123,406
123,175
123,389
123,308
123,54
123,418
123,353
123,419
124,12
124,258
124,75
124,406
124,250
124,308
124,322
124,87
124,53
124,418
125,11
125,173
125,22
125,48
125,420
125,112
125,389
125,308
125,309
125,421
126,104
126,422
126,372
126,268
126,250
126,308
126,349
126,253
126,269
126,423
127,278
127,397
127,250
127,389
127,308
127,424
127,322
127,123
127,269
127,425
128,258
128,328
128,250
128,426
128,323
128,349
128,253
128,269
128,423
128,427
129,428
129,258
129,374
129,429
129,104
129,430
129,250
129,252
129,366
129,303
130,431
130,11
130,258
130,397
130,22
130,72
130,48
130,128
130,309
130,432
131,431
131,11
131,397
131,22
131,72
131,48
131,128
131,433
131,434
131,309
132,428
132,258
132,92
132,374
132,435
132,105
132,163
132,252
132,366
132,367
133,12
133,258
133,436
133,216
133,131
133,3
133,250
133,166
133,87
133,314
134,158
134,91
134,201
134,258
134,437
134,61
134,72
134,128
134,166
134,314
135,438
135,159
135,439
135,154
135,278
135,258
135,440
135,441
135,314
135,442
136,258
136,268
136,329
136,308
136,443
136,349
136,378
136,253
136,269
136,262
137,83
137,22
137,444
137,171
137,445
137,281
137,54
137,349
137,303
137,269
138,278
138,345
138,243
138,446
138,251
138,445
138,323
138,303
138,269
138,305
139,447
139,384
139,358
139,201
139,268
139,448
139,113
139,314
139,303
139,449
140,450
140,451
140,452
140,323
140,303
140,453
140,407
140,342
140,454
140,455
141,456
141,299
141,119
141,100
141,215
141,104
141,162
141,198
141,250
141,252
142,341
142,258
142,265
142,128
142,391
142,457
142,252
142,458
142,459
142,323
143,11
143,258
143,152
143,389
143,308
143,53
143,407
143,309
143,460
143,461
144,258
144,22
144,280
144,329
144,250
144,308
144,80
144,323
144,261
144,262
145,159
145,462
145,463
145,258
145,279
145,314
145,459
145,281
145,323
145,262
146,71
146,11
146,201
146,258
146,112
146,308
146,391
146,18
146,102
146,323
147,278
147,258
147,104
147,268
147,250
147,267
147,252
147,262
147,464
147,465
148,258
148,228
148,22
148,3
148,128
148,268
148,250
148,252
148,303
148,255
149,11
149,91
149,258
149,249
149,128
149,329
149,250
149,252
149,336
149,466
150,103
150,467
150,168
150,60
150,155
150,48
150,51
150,9
150,70
150,63
151,468
151,12
151,118
151,469
151,187
151,470
151,220
151,45
151,107
151,471
152,438
152,472
152,473
152,168
152,60
152,101
152,74
152,51
152,9
152,63
153,344
153,185
153,206
153,474
153,103
153,475
153,229
153,104
153,9
153,476
154,33
154,306
154,92
154,16
154,72
154,51
154,53
154,114
154,32
154,93
155,299
155,145
155,187
155,477
155,104
155,66
155,121
155,9
155,478
155,479
156,12
156,41
156,72
156,74
156,75
156,17
156,9
156,32
156,480
156,481
157,169
157,482
157,111
157,72
157,75
157,181
157,53
157,164
157,32
157,93
158,483
158,206
158,474
158,484
158,208
158,209
158,303
158,485
158,486
158,487
159,225
159,187
159,345
159,104
159,488
159,489
159,376
159,490
159,9
159,378
160,491
160,492
160,46
160,14
160,120
160,74
160,51
160,493
160,9
160,480
161,213
161,494
161,46
161,92
161,101
161,74
161,128
161,9
161,70
161,55
162,184
162,71
162,495
162,496
162,497
162,498
162,273
162,499
162,9
162,500
163,56
163,501
163,502
163,92
163,503
163,66
163,504
163,51
163,288
163,9
164,90
164,12
164,168
164,100
164,169
164,101
164,74
164,9
164,70
164,95
165,90
165,505
165,168
165,506
165,101
165,75
165,9
165,171
165,70
165,63
166,398
166,507
166,145
166,41
166,498
166,508
166,509
166,74
166,510
166,9
167,56
167,12
167,206
167,345
167,104
167,66
167,511
167,504
167,9
167,512
168,513
168,185
168,148
168,12
168,474
168,477
168,16
168,194
168,121
168,9
169,148
169,206
169,187
169,104
169,51
169,208
169,53
169,121
169,9
169,485
170,158
170,92
170,101
170,514
170,61
170,74
170,515
170,288
170,9
170,63
171,71
171,56
171,46
171,417
171,516
171,74
171,515
171,75
171,517
171,9
172,145
172,12
172,41
172,96
172,103
172,477
172,66
172,68
172,9
172,518
173,20
173,41
173,92
173,397
173,519
173,139
173,194
173,48
173,51
173,121
174,185
174,103
174,514
174,74
174,515
174,144
174,51
174,210
174,9
174,520
175,495
175,496
175,119
175,168
175,61
175,51
175,6
175,9
175,70
175,63
176,184
176,96
176,103
176,92
176,168
176,477
176,229
176,316
176,51
176,9
177,438
177,13
177,473
177,100
177,104
177,166
177,9
177,171
177,521
177,63
178,184
178,213
178,496
178,12
178,96
178,46
178,92
178,74
178,490
178,478
179,12
179,405
179,13
179,96
179,97
179,470
179,104
179,9
179,512
179,522
180,118
180,345
180,523
180,503
180,74
180,121
180,9
180,106
180,512
180,107
181,158
181,191
181,92
181,228
181,514
181,74
181,316
181,515
181,9
181,524
182,12
182,470
182,525
182,211
182,526
182,106
182,107
182,527
182,528
182,529
183,97
183,168
183,131
183,101
183,74
183,515
183,51
183,9
183,70
183,480
184,213
184,41
184,118
184,96
184,46
184,530
184,531
184,488
184,532
184,107
185,71
185,533
185,495
185,306
185,168
185,216
185,534
185,60
185,51
185,480
186,27
186,133
186,535
186,470
186,78
186,74
186,515
186,210
186,9
186,55
187,56
187,12
187,41
187,96
187,92
187,536
187,74
187,98
187,9
187,107
188,90
188,533
188,213
188,41
188,168
188,101
188,30
188,74
188,48
188,70
189,537
189,191
189,185
189,213
189,131
189,498
189,280
189,531
189,9
189,63
190,191
190,213
190,27
190,538
190,173
190,74
190,51
190,539
190,121
190,9
191,540
191,541
191,533
191,495
191,542
191,156
191,160
191,51
191,9
191,55
192,191
192,185
192,27
192,543
192,498
192,280
192,530
192,74
192,532
192,9
193,544
193,12
193,118
193,241
193,525
193,85
193,524
193,545
193,107
193,39
194,507
194,92
194,168
194,546
194,61
194,74
194,547
194,211
194,9
194,289
195,56
195,213
195,41
195,46
195,548
195,532
195,51
195,9
195,549
195,70
196,550
196,184
196,41
196,516
196,61
196,66
196,128
196,6
196,9
196,63
197,56
197,41
197,28
197,46
197,48
197,128
197,51
197,6
197,9
197,54
198,533
198,168
198,223
198,131
198,189
198,313
198,9
198,551
198,63
198,480
199,90
199,541
199,162
199,3
199,194
199,51
199,53
199,9
199,480
199,93
200,124
200,168
200,131
200,22
200,30
200,48
200,326
200,9
200,93
200,253
201,71
201,56
201,41
201,97
201,103
201,516
201,340
201,87
201,517
201,9
202,90
202,552
202,56
202,168
202,101
202,488
202,194
202,113
202,121
202,9
203,41
203,13
203,553
203,6
203,52
203,210
203,211
203,9
203,554
203,526
204,179
204,109
204,168
204,101
204,488
204,17
204,164
204,9
204,32
204,555
205,191
205,56
205,41
205,16
205,74
205,85
205,17
205,87
205,517
205,9
206,12
206,41
206,215
206,48
206,128
206,51
206,288
206,6
206,211
206,9
207,556
207,203
207,162
207,484
207,7
207,557
207,558
207,9
207,32
207,559
208,56
208,12
208,13
208,345
208,46
208,560
208,210
208,9
208,54
208,528
209,90
209,158
209,213
209,119
209,168
209,203
209,61
209,48
209,9
209,70
210,213
210,12
210,501
210,561
210,194
210,266
210,69
210,70
210,480
210,562
211,41
211,563
211,92
211,100
211,519
211,194
211,121
211,9
211,32
211,336
212,185
212,12
212,16
212,194
212,364
212,17
212,114
212,564
212,70
212,565
213,491
213,20
213,41
213,202
213,16
213,9
213,70
213,566
213,261
213,481
214,122
214,90
214,158
214,41
214,97
214,202
214,128
214,6
214,9
214,54
215,118
215,567
215,568
215,85
215,208
215,87
215,9
215,36
215,107
215,569
216,550
216,202
216,168
216,101
216,48
216,75
216,6
216,9
216,63
216,54
217,438
217,473
217,477
217,74
217,128
217,6
217,211
217,9
217,171
217,63
218,96
218,74
218,128
218,198
218,6
218,210
218,9
218,70
218,95
218,481
219,91
219,12
219,41
219,46
219,570
219,571
219,128
219,6
219,9
219,54
220,191
220,550
220,11
220,46
220,168
220,101
220,488
220,316
220,6
220,121
221,56
221,109
221,12
221,41
221,92
221,572
221,16
221,128
221,9
221,481
222,310
222,74
222,51
222,68
222,198
222,6
222,52
222,211
222,9
222,70
223,257
223,12
223,96
223,103
223,229
223,259
223,66
223,128
223,6
223,9
224,56
224,12
224,41
224,103
224,516
224,92
224,101
224,573
224,128
224,9
225,537
225,505
225,119
225,217
225,128
225,75
225,6
225,9
225,171
225,63
226,90
226,158
226,56
226,202
226,168
226,506
226,61
226,22
226,574
226,9
227,158
227,202
227,516
227,22
227,74
227,128
227,51
227,9
227,123
227,575
228,12
228,41
228,13
228,538
228,570
228,128
228,6
228,9
228,32
228,50
229,550
229,56
229,41
229,46
229,516
229,128
229,576
229,6
229,121
229,54
230,90
230,541
230,56
230,213
230,495
230,13
230,400
230,128
230,6
230,54
231,90
231,56
231,41
231,46
231,128
231,6
231,53
231,9
231,577
231,54
232,90
232,185
232,213
232,46
232,92
232,48
232,372
232,317
232,9
232,577
233,90
233,41
233,13
233,103
233,516
233,574
233,6
233,53
233,9
233,578
234,33
234,496
234,12
234,22
234,74
234,579
234,87
234,517
234,9
234,481
235,158
235,41
235,516
235,74
235,574
235,48
235,6
235,88
235,9
235,70
236,56
236,533
236,41
236,202
236,168
236,101
236,61
236,9
236,171
236,63
237,90
237,151
237,462
237,165
237,505
237,168
237,169
237,128
237,9
237,63
238,495
238,516
238,92
238,73
238,4
238,488
238,75
238,6
238,53
238,9
239,213
239,496
239,78
239,268
239,579
239,87
239,517
239,121
239,9
239,70
240,90
240,168
240,538
240,508
240,572
240,101
240,74
240,51
240,9
240,70
241,541
241,151
241,400
241,22
241,72
241,194
241,53
241,164
241,9
241,93
242,580
242,438
242,581
242,168
242,60
242,155
242,515
242,48
242,9
242,63
243,582
243,516
243,168
243,583
243,538
243,312
243,503
243,515
243,288
243,9
244,405
244,96
244,187
244,535
244,470
244,584
244,585
244,9
244,586
244,587
245,71
245,13
245,103
245,516
245,588
245,168
245,144
245,189
245,9
245,524
246,589
246,185
246,469
246,417
246,317
246,539
246,9
246,70
246,480
246,471
247,185
247,92
247,34
247,223
247,104
247,288
247,551
247,63
247,512
247,233
248,90
248,158
248,213
248,495
248,201
248,41
248,46
248,516
248,9
248,70
249,151
249,462
249,590
249,505
249,168
249,60
249,74
249,591
249,9
249,63
250,592
250,290
250,168
250,593
250,594
250,74
250,515
250,595
250,9
250,63
251,513
251,184
251,185
251,502
251,14
251,516
251,92
251,508
251,288
251,9
252,191
252,27
252,496
252,127
252,173
252,74
252,288
252,9
252,596
252,597
253,46
253,78
253,135
253,22
253,140
253,48
253,285
253,598
253,599
253,600
254,191
254,601
254,135
254,602
254,603
254,604
254,605
254,606
254,599
254,607
255,608
255,609
255,610
255,602
255,611
255,612
255,613
255,614
255,615
255,616
256,194
256,617
256,610
256,602
256,618
256,605
256,612
256,619
256,607
256,620
257,621
257,572
257,140
257,515
257,602
257,618
257,611
257,622
257,623
257,614
258,191
258,97
258,140
258,574
258,609
258,75
258,329
258,602
258,612
258,615
259,311
259,624
259,185
259,498
259,625
259,140
259,602
259,9
259,551
259,626
260,143
260,227
260,519
260,194
260,515
260,602
260,618
260,611
260,53
260,612
261,627
261,628
261,135
261,534
261,140
261,629
261,515
261,602
261,630
261,626
262,624
262,83
262,590
262,516
262,155
262,631
262,160
262,441
262,632
262,88
263,633
263,634
263,608
263,515
263,609
263,181
263,617
263,635
263,602
263,623
264,397
264,140
264,574
264,372
264,128
264,636
264,602
264,604
264,53
264,637
265,638
265,639
265,91
265,135
265,30
265,488
265,48
265,181
265,640
265,598
266,641
266,185
266,91
266,634
266,488
266,515
266,617
266,612
266,642
266,599
267,191
267,643
267,140
267,634
267,531
267,4
267,532
267,75
267,644
267,645
268,646
268,593
268,140
268,634
268,608
268,515
268,647
268,75
268,602
268,551
269,227
269,119
269,22
269,574
269,515
269,53
269,414
269,599
269,645
269,614
270,191
270,472
270,119
270,467
270,291
270,140
270,515
270,93
270,599
270,645
271,648
271,119
271,467
271,436
271,572
271,140
271,160
271,602
271,611
271,599
272,649
272,142
272,158
272,191
272,119
272,650
272,388
272,140
272,4
272,515
273,648
273,651
273,27
273,634
273,75
273,414
273,652
273,653
273,654
273,655
274,656
274,657
274,658
274,155
274,30
274,140
274,4
274,532
274,515
274,600
275,191
275,659
275,226
275,140
275,79
275,634
275,194
275,617
275,602
275,615
276,534
276,140
276,194
276,515
276,636
276,602
276,604
276,53
276,102
276,612
277,142
277,507
277,194
277,636
277,660
277,661
277,604
277,612
277,637
277,662
278,656
278,216
278,515
278,602
278,611
278,615
279,117
279,436
279,536
279,61
279,140
279,4
279,515
279,75
279,645
279,653
280,158
280,663
280,119
280,388
280,128
280,153
280,660
280,602
280,551
280,637
281,119
281,467
281,140
281,629
281,515
281,441
281,602
281,285
281,314
281,664
282,472
282,665
282,388
282,140
282,634
282,488
282,612
282,666
282,645
282,600
283,299
283,96
283,625
283,667
283,602
283,668
283,669
283,670
283,615
283,637
284,191
284,533
284,27
284,140
284,79
284,372
284,153
284,666
284,645
284,654
285,185
285,625
285,22
285,140
285,488
285,515
285,372
285,602
285,53
285,36
286,648
286,108
286,22
286,140
286,79
286,74
286,194
286,617
286,602
286,620
287,572
287,30
287,73
287,4
287,515
287,617
287,602
287,53
287,671
287,672
288,140
288,4
288,515
288,666
288,645
289,656
289,657
289,467
289,673
289,100
289,140
289,634
289,515
289,642
289,599
290,227
290,135
290,140
290,79
290,488
290,605
290,599
290,614
290,607
290,620
291,191
291,641
291,508
291,634
291,4
291,194
291,608
291,515
291,181
291,602
292,41
292,22
292,140
292,574
292,515
292,372
292,53
292,599
292,645
292,614
293,191
293,117
293,628
293,467
293,593
293,140
293,515
293,609
293,645
293,520
294,438
294,674
294,223
294,101
294,22
294,140
294,574
294,515
294,441
294,599
295,648
295,30
295,75
295,631
295,602
295,611
295,615
295,637
296,656
296,658
296,581
296,22
296,30
296,140
296,194
296,515
296,157
296,602
297,580
297,142
297,41
297,46
297,643
297,120
297,22
297,140
297,53
297,645
298,27
298,674
298,22
298,140
298,79
298,4
298,515
298,551
298,645
298,620
299,675
299,191
299,140
299,634
299,515
299,75
299,612
299,93
299,645
299,600
300,154
300,119
300,219
300,676
300,140
300,634
300,631
300,286
300,599
300,655
301,550
301,677
301,625
301,140
301,602
301,285
301,605
301,664
301,619
301,607
302,498
302,676
302,140
302,515
302,88
302,89
302,678
302,599
302,600
302,655
303,649
303,360
303,79
303,105
303,364
303,617
303,660
303,661
303,637
303,679
304,78
304,625
304,140
304,488
304,48
304,560
304,602
304,640
304,598
304,670
305,185
305,628
305,467
305,22
305,140
305,515
305,441
305,153
305,36
305,645
306,191
306,168
306,593
306,388
306,140
306,4
306,515
306,551
306,645
306,653
307,119
307,680
307,22
307,488
307,153
307,44
307,602
307,640
307,102
307,637
308,681
308,585
308,682
308,683
308,611
308,293
308,670
308,615
308,637
308,672
309,78
309,48
309,684
309,44
309,602
309,640
309,678
309,414
309,642
309,614
310,472
310,388
310,140
310,634
310,515
310,612
310,93
310,599
310,645
310,614
311,628
311,685
311,477
311,135
311,585
311,686
311,322
311,604
311,599
311,687
312,624
312,91
312,119
312,131
312,140
312,48
312,591
312,604
312,171
312,645
313,119
313,593
313,155
313,140
313,4
313,515
313,75
313,551
313,645
313,653
314,656
314,593
314,140
314,515
314,286
314,614
314,600
314,655
315,158
315,91
315,226
315,30
315,140
315,585
315,48
315,313
315,640
315,645
316,688
316,439
316,658
316,291
316,689
316,676
316,140
316,631
316,599
316,655
317,91
317,628
317,690
317,226
317,680
317,22
317,140
317,488
317,585
317,602
318,641
318,628
318,643
318,519
318,140
318,634
318,75
318,604
318,599
318,614
319,691
319,227
319,219
319,633
319,140
319,194
319,602
319,612
319,607
319,620
320,191
320,689
320,140
320,634
320,515
320,285
320,604
320,551
320,599
320,645
321,27
321,79
321,4
321,488
321,692
321,75
321,364
321,612
321,137
321,620
322,693
322,27
322,673
322,680
322,73
322,316
322,121
322,551
322,653
323,589
323,439
323,92
323,543
323,219
323,694
323,631
323,166
324,589
324,695
324,689
324,696
324,697
324,634
324,316
324,635
324,698
324,224
325,699
325,27
325,548
325,219
325,229
325,503
325,364
325,68
325,121
325,653
326,589
326,191
326,533
326,227
326,508
326,388
326,316
326,75
326,181
326,189
327,688
327,119
327,700
327,543
327,473
327,631
327,166
327,652
328,693
328,472
328,119
328,508
328,634
328,316
328,515
328,684
328,698
328,653
329,227
329,119
329,473
329,100
329,61
329,104
329,75
329,441
329,166
329,512
330,227
330,299
330,502
330,701
330,104
330,4
330,515
330,288
330,289
330,666
331,119
331,543
331,131
331,219
331,61
331,316
331,75
331,166
331,286
331,653
332,648
332,693
332,651
332,634
332,515
332,75
332,51
332,558
332,698
332,653
333,92
333,168
333,61
333,515
333,288
333,6
333,166
333,153
333,702
333,289
334,703
334,704
334,61
334,694
334,316
334,75
334,631
334,153
335,693
335,651
335,516
335,634
335,316
335,105
335,75
335,68
335,684
335,705
336,502
336,103
336,516
336,229
336,111
336,75
336,68
336,706
336,121
336,653
337,516
337,78
337,120
337,66
337,574
337,515
337,105
337,51
337,89
337,63
338,191
338,533
338,291
338,92
338,73
338,316
338,515
338,75
338,121
338,653
339,191
339,516
339,543
339,4
339,515
339,51
339,68
339,52
339,121
339,653
340,707
340,168
340,131
340,22
340,73
340,515
340,75
340,153
340,666
340,653
341,708
341,428
341,27
341,374
341,22
341,79
341,488
341,515
341,63
341,137
342,589
342,158
342,695
342,696
342,219
342,312
342,72
342,194
342,684
342,286
343,643
343,78
343,22
343,72
343,280
343,48
343,153
343,640
343,32
343,653
344,191
344,27
344,548
344,543
344,316
344,51
344,68
344,121
344,146
344,653
345,693
345,27
345,543
345,229
345,372
345,51
345,364
345,68
345,121
345,653
346,474
346,103
346,548
346,543
346,690
346,229
346,68
346,709
346,121
346,653
347,103
347,543
347,690
347,229
347,4
347,75
347,364
347,68
347,121
347,653
348,543
348,710
348,226
348,229
348,711
348,372
348,105
348,68
348,121
348,653
349,46
349,467
349,22
349,155
349,79
349,712
349,75
349,441
349,153
349,713
350,656
350,103
350,467
350,516
350,548
350,543
350,155
350,515
350,631
350,68
351,191
351,13
351,46
351,516
351,22
351,51
351,68
351,88
351,113
351,653
352,643
352,506
352,22
352,72
352,140
352,79
352,48
352,372
352,640
352,32
353,714
353,516
353,543
353,508
353,300
353,30
353,715
353,515
353,716
353,717
354,658
354,718
354,532
354,515
354,75
354,63
355,78
355,226
355,135
355,279
355,634
355,5
355,515
355,7
355,640
355,719
356,720
356,135
356,711
356,634
356,284
356,48
356,721
356,603
356,640
356,606
357,663
357,658
357,119
357,634
357,515
358,639
358,103
358,680
358,111
358,711
358,4
358,488
358,209
358,164
358,722
359,708
359,339
359,530
359,634
359,316
359,75
359,723
359,724
359,121
359,89
360,649
360,158
360,725
360,103
360,726
360,542
360,594
360,530
360,727
360,728
361,462
361,501
361,643
361,101
361,388
361,73
361,530
361,4
361,574
361,75
362,729
362,74
362,4
362,488
362,272
362,6
362,211
362,9
362,730
362,529
363,731
363,583
363,689
363,215
363,22
363,4
363,732
363,75
363,6
363,733
364,158
364,533
364,213
364,473
364,279
364,515
364,156
364,75
364,631
364,734
365,735
365,213
365,148
365,583
365,718
365,530
365,634
365,4
365,75
365,736
366,693
366,447
366,583
366,534
366,634
366,74
366,574
366,372
366,6
366,88
367,158
367,185
367,495
367,725
367,502
367,538
367,374
367,629
367,515
367,478
368,634
368,515
368,75
368,157
369,213
369,658
369,700
369,737
369,100
369,704
369,634
369,515
369,709
369,738
370,213
370,46
370,103
370,538
370,79
370,531
370,532
370,736
370,739
370,740
371,601
371,213
371,103
371,729
371,718
371,228
371,4
371,532
371,6
371,728
372,158
372,119
372,473
372,162
372,634
372,515
372,75
372,121
372,678
372,722
373,151
373,185
373,110
373,741
373,742
373,101
373,488
373,515
373,372
373,75
374,1
374,11
374,345
374,572
374,515
374,75
374,266
374,448
374,93
374,743
375,185
375,154
375,119
375,744
375,203
375,75
375,160
375,745
375,314
376,746
376,639
376,495
376,627
376,747
376,711
376,629
376,488
376,515
376,93
377,639
377,185
377,748
377,749
377,750
377,61
377,515
377,372
377,166
377,93
378,550
378,100
378,751
378,216
378,752
378,189
378,121
378,623
378,753
378,743
379,656
379,161
379,151
379,657
379,627
379,505
379,754
379,157
379,755
380,216
380,756
380,498
380,203
380,629
380,75
380,698
380,740
380,607
380,757
381,185
381,758
381,759
381,744
381,203
381,760
381,515
381,761
381,762
381,763
382,299
382,470
382,680
382,104
382,272
382,88
382,121
382,753
382,764
382,743
383,765
383,46
383,750
383,766
383,488
383,733
383,89
383,9
383,698
383,293
384,216
384,174
384,629
384,194
384,272
384,515
384,75
384,767
384,768
384,607
385,90
385,27
385,546
385,643
385,219
385,634
385,4
385,647
385,75
385,640
386,96
386,92
386,488
386,284
386,6
386,640
386,618
386,113
386,121
386,599
387,117
387,91
387,290
387,583
387,718
387,217
387,4
387,574
387,515
387,153
388,708
388,133
388,725
388,548
388,530
388,4
388,75
388,89
388,769
388,722
389,33
389,96
389,488
389,5
389,770
389,640
389,121
389,9
389,36
389,598
390,263
390,695
390,771
390,536
390,772
390,634
390,629
390,488
390,75
390,773
391,33
391,41
391,516
391,506
391,22
391,73
391,6
391,640
391,774
391,577
392,505
392,643
392,78
392,135
392,388
392,66
392,4
392,515
392,153
392,640
393,91
393,27
393,583
393,718
393,135
393,775
393,104
393,4
393,640
393,289
394,78
394,219
394,570
394,572
394,574
394,515
394,153
394,640
394,88
394,171
395,776
395,533
395,119
395,775
395,217
395,667
395,515
395,75
395,121
395,678
396,589
396,46
396,621
396,135
396,711
396,629
396,5
396,640
396,285
396,529
397,648
397,158
397,583
397,219
397,135
397,22
397,372
397,761
397,640
397,777
398,91
398,583
398,78
398,280
398,640
398,211
398,89
398,778
398,739
398,779
399,91
399,46
399,195
399,621
399,78
399,135
399,488
399,5
399,640
399,780
400,46
400,488
400,194
400,781
400,44
400,557
400,53
400,9
400,678
400,36
401,537
401,91
401,782
401,583
401,135
401,22
401,515
401,372
401,153
401,640
402,91
402,581
402,583
402,718
402,279
402,30
402,634
402,515
402,372
402,640
403,158
403,663
403,583
403,78
403,534
403,217
403,30
403,73
403,515
403,640
404,1
404,783
404,546
404,701
404,22
404,488
404,632
404,6
404,640
404,784
405,91
405,27
405,46
405,583
405,643
405,135
405,217
405,229
405,515
405,640
406,785
406,91
406,583
406,674
406,135
406,22
406,515
406,734
406,640
406,780
407,1
407,345
407,360
407,488
407,268
407,632
407,6
407,640
407,53
407,54
408,91
408,46
408,583
408,78
408,219
408,135
408,534
408,22
408,372
408,640
409,583
409,100
409,215
409,78
409,22
409,488
409,515
409,210
409,640
409,88
410,505
410,168
410,508
410,60
410,22
410,72
410,75
410,153
410,640
410,53
411,447
411,786
411,34
411,219
411,772
411,74
411,5
411,515
411,329
411,640
412,1
412,41
412,787
412,680
412,329
412,6
412,640
412,788
412,53
412,784
413,227
413,428
413,135
413,789
413,4
413,761
413,75
413,640
413,790
413,791
414,1
414,792
414,714
414,601
414,643
414,634
414,74
414,488
414,6
414,640
415,550
415,725
415,202
415,793
415,498
415,388
415,530
415,75
415,121
415,286
416,91
416,583
416,674
416,78
416,775
416,22
416,634
416,515
416,761
416,794
417,142
417,447
417,583
417,135
417,174
417,629
417,74
417,372
417,89
417,795
418,191
418,91
418,27
418,46
418,215
418,718
418,572
418,4
418,372
418,796
419,117
419,797
419,27
419,119
419,583
419,718
419,388
419,4
419,515
419,761
420,91
420,798
420,799
420,583
420,135
420,775
420,5
420,761
420,640
420,800
421,191
421,726
421,542
421,711
421,515
421,761
421,75
421,631
421,640
421,791
422,491
422,27
422,583
422,215
422,711
422,5
422,75
422,640
422,88
422,89
423,46
423,135
423,775
423,174
423,4
423,5
423,88
423,89
423,795
423,801
424,199
424,91
424,46
424,583
424,4
424,372
424,640
424,774
424,778
424,802
425,191
425,91
425,583
425,215
425,718
425,135
425,772
425,634
425,4
425,640
426,91
426,46
426,583
426,219
426,135
426,534
426,22
426,515
426,372
426,640
427,533
427,583
427,78
427,219
427,572
427,515
427,640
427,803
427,88
427,89
428,1
428,117
428,643
428,388
428,542
428,634
428,515
428,6
428,188
428,640
429,142
429,621
429,583
429,135
429,66
429,4
429,5
429,272
429,684
429,640
430,90
430,583
430,215
430,279
430,229
430,22
430,515
430,6
430,153
430,640
431,804
431,213
431,91
431,135
431,772
431,280
431,74
431,761
431,75
431,640
432,805
432,798
432,135
432,772
432,634
432,629
432,761
432,640
432,806
432,791
433,447
433,592
433,195
433,78
433,726
433,594
433,75
433,329
433,774
433,740
434,502
434,516
434,296
434,92
434,111
434,807
434,488
434,5
434,75
434,448
435,729
435,808
435,174
435,809
435,66
435,629
435,810
435,504
435,547
435,211
436,648
436,447
436,720
436,27
436,41
436,92
436,135
436,519
436,629
436,75
437,649
437,543
437,811
437,66
437,730
437,606
437,812
437,727
437,813
437,739
438,191
438,213
438,736
438,678
438,730
438,478
438,739
438,740
438,743
438,717
439,814
439,725
439,287
439,726
439,542
439,229
439,30
439,629
439,186
439,515
440,815
440,287
440,643
440,120
440,508
440,312
440,629
440,515
440,684
440,606
441,287
441,689
441,538
441,312
441,519
441,4
441,194
441,816
441,678
441,817
442,592
442,695
442,287
442,643
442,572
442,542
442,515
442,818
442,603
442,606
443,815
443,786
443,749
443,373
443,498
443,388
443,542
443,488
443,515
443,736
444,191
444,311
444,725
444,516
444,287
444,643
444,388
444,186
444,515
444,372
445,675
445,688
445,725
445,287
445,312
445,726
445,388
445,754
446,90
446,501
446,516
446,92
446,29
446,186
446,329
446,448
446,93
446,743
447,78
447,135
447,22
447,488
447,48
447,632
447,819
447,640
447,526
447,598
448,643
448,78
448,60
448,22
448,140
448,515
448,48
448,153
448,171
448,314
449,91
449,46
449,583
449,78
449,22
449,4
449,48
449,372
449,647
449,640
450,78
450,219
450,135
450,217
450,22
450,140
450,4
450,515
450,48
450,640
451,119
451,168
451,78
451,22
451,140
451,48
451,640
451,53
451,551
451,63
452,663
452,27
452,467
452,470
452,78
452,219
452,140
452,48
452,640
452,598
453,695
453,119
453,388
453,772
453,140
453,66
453,515
453,48
453,547
453,640
454,91
454,78
454,140
454,4
454,48
454,372
454,647
454,803
454,88
454,89
455,90
455,583
455,643
455,78
455,22
455,140
455,515
455,48
455,647
455,640
456,119
456,92
456,135
456,506
456,30
456,75
456,640
456,820
456,821
456,800
457,91
457,725
457,583
457,215
457,78
457,822
457,4
457,709
457,622
457,800
458,27
458,583
458,511
458,74
458,372
458,105
458,51
458,364
458,640
458,719
459,495
459,91
459,119
459,583
459,215
459,498
459,104
459,4
459,640
459,800
460,447
460,135
460,15
460,30
460,140
460,634
460,515
460,48
460,640
460,823
461,298
461,502
461,103
461,548
461,135
461,824
461,229
461,640
461,821
461,800
462,91
462,78
462,140
462,48
462,128
462,576
462,640
462,598
462,81
462,93
463,90
463,169
463,570
463,572
463,30
463,140
463,4
463,515
463,105
463,640
464,720
464,27
464,74
464,4
464,488
464,48
464,640
464,211
464,719
464,825
465,826
465,133
465,501
465,502
465,535
465,470
465,229
465,186
465,678
465,743
466,447
466,592
466,119
466,673
466,155
466,4
466,5
466,515
466,75
466,166
467,436
467,78
467,388
467,22
467,140
467,4
467,515
467,48
468,91
468,46
468,135
468,140
468,4
468,48
468,372
468,647
468,640
468,743
469,658
469,131
469,388
469,140
469,4
469,488
469,5
469,515
469,153
469,89
470,583
470,215
470,135
470,680
470,22
470,4
470,5
470,48
470,372
470,89
471,649
471,447
471,643
471,772
471,22
471,30
471,711
471,140
471,515
471,171
472,541
472,27
472,621
472,78
472,120
472,5
472,372
472,640
472,719
472,763
473,311
473,135
473,827
473,15
473,634
473,515
473,88
473,89
473,828
473,823
474,793
474,583
474,34
474,78
474,22
474,140
474,4
474,574
474,48
474,829
475,91
475,830
475,78
475,135
475,66
475,4
475,48
475,640
475,828
475,823
476,46
476,583
476,78
476,135
476,680
476,4
476,5
476,372
476,211
476,89
477,119
477,135
477,572
477,4
477,5
477,515
477,796
477,724
477,88
477,89
478,91
478,291
478,131
478,155
478,515
478,831
478,48
478,832
478,647
478,828
479,663
479,91
479,135
479,572
479,4
479,515
479,88
479,89
479,823
479,224
480,708
480,628
480,749
480,249
480,219
480,22
480,79
480,515
480,686
480,153
481,495
481,833
481,135
481,429
481,772
481,66
481,4
481,770
481,89
481,828
482,675
482,746
482,583
482,834
482,135
482,629
482,761
482,88
482,89
482,828
483,447
483,835
483,359
483,836
483,837
484,838
484,839
485,840
485,838
485,156
486,785
486,814
486,319
486,110
486,841
486,840
487,639
487,154
487,440
487,842
488,541
488,447
488,639
488,665
488,838
489,438
489,843
489,26
489,495
489,440
489,840
489,838
490,785
490,814
490,456
490,844
490,845
490,840
490,846
491,814
491,840
491,847
491,838
492,447
492,785
492,463
492,169
492,848
492,840
492,838
493,26
493,495
493,840
493,156
494,651
494,849
494,110
494,848
494,741
494,850
494,851
495,852
495,495
495,110
495,853
496,541
496,854
496,855
496,856
496,847
496,857
497,428
497,858
497,859
497,860
498,154
498,840
498,861
498,156
499,659
499,456
499,495
499,862
499,863
499,864
499,865
500,319
500,840
500,156
501,154
501,840
501,156
502,154
502,495
502,840
502,866
503,154
503,495
503,840
503,156
504,154
504,65
505,785
505,867
505,26
505,456
505,154
505,840
505,156
506,221
506,154
506,859
506,840
507,161
507,785
507,840
507,180
507,868
508,656
508,695
508,110
508,853
508,869
508,789
508,156
509,854
509,862
509,842
509,840
510,695
510,870
511,871
511,785
511,844
511,840
511,872
511,861
511,873
512,874
512,651
512,708
512,154
512,665
513,154
513,110
513,840
513,156
514,541
514,110
514,841
515,541
515,849
515,495
515,110
515,741
515,836
516,785
516,463
516,875
516,110
516,169
516,845
516,570
517,541
517,651
517,26
517,495
518,657
518,154
518,110
518,862
518,844
518,840
519,26
519,154
519,495
519,840
519,156
520,785
520,169
520,845
520,876
520,156
521,463
521,695
521,840
521,156
522,26
522,110
522,156
523,785
523,659
523,154
523,677
523,845
523,840
523,156
524,463
525,541
525,877
525,853
525,841
525,842
525,878
526,879
526,841
526,870
526,878
526,861
527,853
527,841
527,374
528,541
528,845
528,156
529,541
529,550
529,463
529,26
529,862
529,845
529,838
530,541
530,624
530,26
530,862
530,878
530,836
531,814
531,867
531,319
531,880
531,440
531,848
531,881
531,860
532,882
532,853
532,883
532,842
532,411
532,884
532,885
533,541
533,862
533,677
533,886
533,156
534,887
534,110
534,853
535,456
535,840
535,156
536,541
536,656
536,785
536,855
536,110
536,440
536,862
536,359
537,814
537,495
537,677
537,841
538,845
538,840
538,156
539,26
539,154
539,862
539,845
539,838
540,639
540,169
541,495
541,110
541,888
541,889
542,639
542,154
542,110
542,853
542,665
542,845
542,156
542,890
542,839
543,165
543,862
543,853
543,156
543,866
544,541
544,862
544,677
544,848
544,834
544,570
544,891
545,677
545,845
545,892
546,165
546,110
546,862
546,853
546,845
546,870
546,840
547,785
547,570
548,688
548,840
549,862
549,694
549,156
549,893
550,541
550,854
550,463
550,894
550,110
550,677
551,110
551,835
551,845
551,895
552,26
552,154
552,110
552,862
552,853
552,840
552,156
553,110
553,862
553,853
553,848
553,570
553,896
554,541
554,26
554,495
554,840
555,26
555,154
555,677
555,840
555,570
555,156
556,651
556,862
556,677
556,845
557,165
557,26
557,853
557,878
557,897
558,110
558,862
558,677
558,853
558,841
558,156
559,776
559,417
559,685
559,898
559,899
559,509
559,900
559,901
559,902
559,903
560,904
560,535
560,477
560,509
560,186
560,144
560,905
560,906
560,603
560,907
561,589
561,184
561,535
561,477
561,497
561,509
561,809
561,906
561,603
561,606
562,805
562,908
562,436
562,477
562,909
562,910
562,911
562,912
562,913
563,776
563,535
563,94
563,899
563,509
563,914
563,910
563,901
563,727
563,915
564,184
564,552
564,805
564,535
564,373
564,509
564,186
564,48
564,916
565,917
565,918
565,919
565,920
565,906
565,901
565,733
565,921
565,907
565,922
566,923
566,924
566,920
566,916
566,925
566,926
566,927
566,928
566,929
566,930
567,395
567,184
567,535
567,373
567,543
567,696
567,509
567,910
567,727
568,589
568,184
568,502
568,103
568,931
568,57
568,900
568,901
568,932
569,933
569,934
569,696
569,818
569,924
569,935
569,927
569,932
569,936
569,922
570,933
570,103
570,417
570,937
570,477
570,899
570,924
570,938
570,709
570,901
571,184
571,939
571,917
571,918
571,731
571,689
571,509
571,940
571,901
571,727
572,934
572,917
572,918
572,941
572,942
572,943
572,944
572,945
572,946
572,947
573,918
573,941
573,948
573,949
573,942
573,950
573,951
573,944
573,952
573,953
574,184
574,548
574,954
574,509
574,603
574,955
574,902
574,606
574,727
575,776
575,956
575,899
575,509
575,901
575,957
575,958
575,959
575,921
575,929
576,589
576,184
576,960
576,417
576,961
576,685
576,796
576,724
576,901
576,902
577,589
577,184
577,417
577,509
577,724
577,962
577,901
577,499
577,925
577,963
578,589
578,184
578,502
578,939
578,417
578,509
578,229
578,964
578,962
578,940
579,917
579,965
579,509
579,964
579,966
579,902
579,967
579,947
579,929
579,968
580,184
580,502
580,939
580,287
580,646
580,964
580,969
580,709
580,966
580,970
581,934
581,152
581,417
581,685
581,509
581,901
581,499
581,902
581,929
581,971
582,589
582,184
582,960
582,798
582,548
582,546
582,972
582,973
582,796
582,958
583,502
583,961
583,543
583,229
583,966
583,974
583,499
583,975
583,930
583,976
584,589
584,977
584,776
584,417
584,899
584,916
584,901
584,978
584,902
584,979
585,589
585,923
585,429
585,980
585,920
585,911
585,981
585,916
585,943
586,583
586,982
586,983
586,920
586,912
586,984
586,985
586,986
586,987
586,988
587,589
587,939
587,535
587,961
587,548
587,954
587,827
587,989
587,812
587,727
588,184
588,373
588,920
588,916
588,902
588,606
588,990
588,812
588,727
588,554
589,592
589,103
589,290
589,516
589,548
589,954
589,643
589,910
589,989
589,727
590,184
590,535
590,685
590,477
590,991
590,272
590,796
590,992
590,967
590,990
591,960
591,934
591,731
591,689
591,497
591,273
591,796
591,993
591,990
591,994
592,960
592,535
592,796
592,724
592,992
592,995
592,913
592,996
592,990
593,552
593,934
593,997
593,918
593,291
593,982
593,673
593,101
593,273
593,994
594,184
594,685
594,796
594,724
594,992
594,998
594,996
594,999
594,990
594,727
595,960
595,933
595,934
595,917
595,918
595,919
595,983
595,733
595,1000
595,994
596,184
596,805
596,997
596,563
596,42
596,685
596,373
596,643
596,724
596,1001
597,184
597,960
597,502
597,103
597,956
597,548
597,477
597,509
597,229
597,796
598,589
598,776
598,184
598,939
598,696
598,509
598,989
598,1002
598,727
598,1003
599,805
599,103
599,287
599,827
599,796
599,724
599,901
599,1004
599,990
600,960
600,934
600,917
600,918
600,724
600,1000
600,996
600,944
600,990
600,994
601,184
601,731
601,689
601,497
601,920
601,603
601,1005
601,929
601,727
601,1003
602,184
602,287
602,543
602,168
602,583
602,217
602,519
602,957
602,1006
602,1002
603,184
603,933
603,939
603,917
603,918
603,965
603,287
603,966
603,957
603,554
604,589
604,184
604,731
604,689
604,509
604,229
604,603
604,966
604,606
604,727
605,960
605,904
605,477
605,718
605,186
605,272
605,796
605,603
605,907
606,184
606,939
606,917
606,918
606,417
606,287
606,543
606,689
606,911
606,1007
607,589
607,395
607,184
607,195
607,535
607,509
607,186
607,272
607,812
607,727
608,589
608,509
608,827
608,684
608,1008
608,910
608,911
608,1009
608,812
608,727
609,589
609,725
609,939
609,997
609,373
609,643
609,726
609,920
609,812
609,727
610,589
610,1010
610,516
610,546
610,827
610,186
610,1009
610,907
610,727
611,589
611,502
611,939
611,543
611,497
611,78
611,509
611,1011
611,1012
611,727
612,805
612,939
612,583
612,982
612,696
612,509
612,916
612,1013
612,606
612,727
613,589
613,552
613,725
613,939
613,535
613,516
613,373
613,546
613,217
613,727
614,184
614,960
614,1014
614,535
614,509
614,1015
614,1016
614,992
614,990
615,184
615,535
615,685
615,373
615,643
615,477
615,509
615,272
615,1017
615,990
616,502
616,939
616,923
616,1018
616,982
616,229
616,912
616,606
616,1009
616,988
617,589
617,184
617,939
617,509
617,684
617,998
617,1019
617,812
617,727
617,1003
618,941
618,938
618,1020
618,1021
618,912
618,1022
618,985
618,987
618,1006
618,945
619,960
619,898
619,941
619,980
619,912
619,901
619,985
619,950
619,945
619,946
620,184
620,535
620,685
620,509
620,827
620,796
620,992
620,995
620,990
621,184
621,103
621,798
621,961
621,373
621,827
621,998
621,1019
621,606
621,727
622,589
622,939
622,961
622,172
622,667
622,998
622,1019
622,1023
622,727
622,1003
623,184
623,502
623,417
623,546
623,514
623,509
623,724
623,902
623,1024
624,589
624,184
624,805
624,373
624,546
624,509
624,229
624,272
624,606
625,696
625,509
625,920
625,603
625,916
625,902
625,1025
625,606
625,907
625,727
626,589
626,184
626,535
626,509
626,796
626,724
626,906
626,902
626,1026
626,1027
627,965
627,535
627,1028
627,920
627,916
627,901
627,902
627,943
627,1029
627,975
628,513
628,184
628,535
628,287
628,799
628,938
628,920
628,912
628,987
628,1024
629,960
629,982
629,796
629,724
629,1008
629,995
629,901
629,958
629,1006
629,921
630,589
630,960
630,900
630,796
630,912
630,913
630,986
630,902
630,1030
630,907
631,982
631,203
631,297
631,174
631,980
631,796
631,1008
631,1031
631,1022
631,795
632,184
632,960
632,103
632,1018
632,509
632,796
632,912
632,913
632,1006
633,960
633,934
633,917
633,923
633,982
633,1031
633,912
633,1022
633,984
633,987
634,184
634,1032
634,908
634,168
634,643
634,101
634,726
634,514
634,217
634,912
635,467
635,700
635,908
635,685
635,583
635,673
635,1033
635,912
635,995
636,805
636,502
636,939
636,798
636,908
636,120
636,796
636,724
636,1006
636,1034
637,933
637,417
637,923
637,924
637,1035
637,911
637,944
637,1036
637,929
638,939
638,965
638,535
638,980
638,920
638,911
638,995
638,916
638,957
638,928
639,960
639,1037
639,724
639,995
639,1038
639,901
639,913
639,958
639,1006
639,921
640,960
640,965
640,1039
640,1040
640,796
640,724
640,995
640,1006
640,1041
640,1042
641,735
641,535
641,908
641,982
641,1011
641,938
641,1043
641,912
641,995
641,1044
642,1045
642,1046
642,1047
642,1048
642,3
642,629
642,1049
642,1050
642,1051
642,1052
643,1046
643,1053
643,397
643,1054
643,1055
643,1050
643,1056
643,715
643,1057
643,585
644,1058
644,550
644,695
644,1059
644,508
644,629
644,1050
644,1060
644,574
644,515
645,179
645,537
645,97
645,46
645,72
645,140
645,1061
645,634
645,1060
645,1062
646,1048
646,97
646,543
646,100
646,280
646,1061
646,1063
646,316
646,1060
646,515
647,41
647,97
647,46
647,57
647,79
647,4
647,488
647,1060
647,1062
647,1064
648,1045
648,13
648,97
648,1065
648,280
648,1066
648,4
648,1067
648,1060
648,284
649,191
649,1046
649,97
649,1037
649,1068
649,174
649,667
649,711
649,1061
649,1069
650,833
650,782
650,1070
650,1071
650,1055
650,1061
650,1072
650,1073
650,1074
650,1075
651,649
651,830
651,97
651,1076
651,1077
651,712
651,1078
651,1060
651,1062
651,1079
652,185
652,97
652,1076
652,1080
652,1077
652,1063
652,1078
652,608
652,1060
652,1081
653,833
653,782
653,621
653,1082
653,1083
653,1055
653,1073
653,1084
653,1085
653,1075
654,649
654,628
654,1076
654,1077
654,79
654,1078
654,608
654,1060
654,5
654,1086
655,1058
655,56
655,27
655,46
655,1087
655,280
655,511
655,4
655,1078
655,608
656,1058
656,184
656,46
656,965
656,3
656,280
656,1063
656,1088
656,4
656,1089
657,97
657,1076
657,1087
657,1077
657,530
657,531
657,1078
657,608
657,1060
657,1086
658,1090
658,97
658,1076
658,1077
658,1061
658,1078
658,1091
658,608
658,1060
658,1092
659,1090
659,804
659,744
659,73
659,140
659,280
659,634
659,1093
659,5
659,515
660,649
660,97
660,1076
660,725
660,939
660,280
660,1063
660,1078
660,5
660,186
661,447
661,100
661,223
661,506
661,140
661,79
661,634
661,732
661,1094
661,1095
662,656
662,91
662,22
662,30
662,488
662,515
662,156
662,160
662,153
663,191
663,601
663,708
663,227
663,91
663,509
663,711
663,603
663,414
663,679
664,298
664,191
664,643
664,388
664,909
664,140
664,515
664,153
664,1096
664,679
665,191
665,708
665,154
665,467
665,731
665,140
665,631
665,754
665,679
666,298
666,191
666,319
666,140
666,75
666,603
666,803
666,1096
666,606
666,679
667,135
667,30
667,711
667,140
667,634
667,316
667,515
667,640
667,821
667,679
668,179
668,91
668,643
668,411
668,140
668,634
668,105
668,723
668,210
668,679
669,118
669,506
669,542
669,22
669,711
669,515
669,210
669,171
669,63
669,679
670,537
670,161
670,867
670,695
670,117
670,859
670,878
670,180
670,515
670,171
671,1
671,191
671,1097
671,91
671,436
671,140
671,488
671,774
671,551
671,679
672,649
672,624
672,590
672,61
672,634
672,515
672,441
672,69
672,166
672,171
673,1
673,431
673,159
673,663
673,1098
673,862
673,909
673,629
673,734
673,591
674,119
674,749
674,747
674,862
674,538
674,560
674,69
674,1099
674,591
674,743
675,179
675,158
675,191
675,509
675,542
675,140
675,603
675,606
675,645
675,679
676,581
676,506
676,909
676,155
676,140
676,1096
677,179
677,658
677,467
677,223
677,508
677,140
677,75
677,678
677,471
677,679
678,438
678,688
678,227
678,91
678,674
678,217
678,22
678,140
678,531
678,515
679,179
679,291
679,1100
679,534
679,634
679,153
679,640
679,414
679,821
679,679
680,691
680,227
680,747
680,677
680,223
680,140
680,488
680,153
680,1101
680,679
681,1
681,649
681,867
681,1098
681,1077
681,686
681,647
681,364
681,153
681,313
682,191
682,663
682,467
682,677
682,909
682,140
682,75
682,551
682,645
682,679
683,91
683,437
683,78
683,506
683,536
683,22
683,79
683,48
683,75
683,640
684,537
684,546
684,677
684,30
684,140
684,79
684,634
684,640
684,314
684,1095
685,506
685,542
685,22
685,30
685,140
685,79
685,6
685,640
685,623
685,645
686,649
686,91
686,756
686,194
686,510
686,43
686,1102
686,113
686,121
686,1103
687,91
687,226
687,534
687,22
687,711
687,79
687,488
687,806
687,1104
687,1105
688,1106
688,505
688,859
688,488
688,48
688,181
688,189
688,723
688,640
688,551
689,649
689,91
689,710
689,1107
689,692
689,364
689,6
689,640
689,53
689,10
690,651
690,708
690,91
690,673
690,634
690,48
690,153
690,457
690,89
690,336
691,158
691,13
691,119
691,508
691,43
691,50
691,705
691,224
691,1108
691,1109
692,804
692,91
692,772
692,104
692,634
692,75
692,1110
692,1102
692,121
692,705
693,179
693,227
693,467
693,677
693,75
693,160
693,285
693,414
693,645
693,679
694,91
694,168
694,643
694,646
694,534
694,701
694,48
694,128
694,1111
694,336
695,142
695,473
695,542
695,30
695,4
695,75
695,1102
695,121
695,89
695,1112
696,462
696,91
696,673
696,703
696,634
696,48
696,128
696,631
696,336
697,533
697,624
697,583
697,643
697,519
697,30
697,75
697,632
697,6
697,591
698,638
698,472
698,30
698,79
698,488
698,515
698,153
698,598
698,823
698,1113
699,537
699,643
699,78
699,1114
699,542
699,22
699,30
699,79
699,488
699,640
700,456
700,291
700,217
700,4
700,316
700,515
700,831
700,121
700,89
700,705
701,467
701,536
701,140
701,79
701,631
701,441
701,640
701,645
701,1095
701,620
702,22
702,79
702,1088
702,488
702,284
702,576
702,632
702,819
702,121
702,1115
703,624
703,91
703,119
703,78
703,634
703,48
703,75
703,364
703,171
703,336
704,345
704,1100
704,79
704,488
704,284
704,75
704,1116
704,618
704,137
704,1117
705,648
705,168
705,1100
705,30
705,79
705,488
705,515
705,632
705,89
705,36
706,649
706,185
706,13
706,588
706,104
706,488
706,640
706,1102
706,36
706,50
707,639
707,462
707,291
707,155
707,3
707,634
707,631
707,171
707,336
707,337
708,199
708,783
708,168
708,750
708,772
708,3
708,48
708,935
708,336
708,1118
709,1106
709,199
709,783
709,3
709,48
709,632
709,1111
709,1119
709,121
709,936
710,516
710,572
710,519
710,104
710,3
710,634
710,48
710,75
710,723
710,1118
711,552
711,439
711,533
711,48
711,631
711,157
711,166
711,1120
711,121
711,1121
712,552
712,290
712,583
712,643
712,135
712,61
712,574
712,515
712,48
712,166
713,117
713,290
713,373
713,546
713,173
713,634
713,1122
713,289
713,63
713,336
714,720
714,533
714,119
714,92
714,583
714,515
714,48
714,75
714,166
714,1123
715,1124
715,506
715,680
715,66
715,634
715,48
715,364
715,7
715,171
715,336
716,199
716,103
716,548
716,807
716,3
716,272
716,547
716,1125
716,289
716,1126
717,148
717,299
717,13
717,96
717,287
717,548
717,104
717,732
717,6
717,1118
718,546
718,506
718,772
718,3
718,900
718,48
718,75
718,901
718,289
718,336
719,91
719,919
719,546
719,572
719,3
719,1127
719,48
719,6
719,698
719,336
720,179
720,191
720,291
720,75
720,631
720,153
720,414
720,821
720,679
721,13
721,103
721,287
721,961
721,92
721,100
721,219
721,772
721,3
721,336
722,1
722,1128
722,117
722,731
722,546
722,48
722,1129
722,1122
722,698
722,336
723,639
723,92
723,546
723,506
723,48
723,709
723,1122
723,1130
723,289
723,336
724,746
724,621
724,798
724,373
724,92
724,546
724,689
724,684
724,709
724,1131
725,117
725,154
725,91
725,673
725,498
725,694
725,1127
725,75
725,754
725,181
726,310
726,447
726,41
726,747
726,643
726,677
726,140
726,4
726,515
726,1095
727,298
727,191
727,643
727,100
727,775
727,506
727,909
727,140
727,193
727,679
728,191
728,227
728,628
728,100
728,223
728,676
728,140
728,32
728,645
728,679
729,580
729,91
729,79
729,488
729,422
729,1132
729,1133
729,819
729,640
729,471
730,298
730,191
730,643
730,676
730,388
730,140
730,515
730,686
730,441
730,1134
731,298
731,663
731,628
731,119
731,1100
731,140
731,515
731,631
731,193
731,679
732,179
732,158
732,227
732,46
732,436
732,388
732,140
732,515
732,372
732,153
733,298
733,580
733,179
733,1135
733,1136
733,909
733,515
733,153
733,414
733,645
734,298
734,447
734,158
734,191
734,775
734,676
734,536
734,140
734,600
734,679
735,179
735,91
735,534
735,22
735,140
735,574
735,515
735,314
735,63
735,645
736,179
736,227
736,677
736,1137
736,140
736,1054
736,75
736,599
736,645
736,679
737,589
737,656
737,688
737,643
737,593
737,680
737,140
737,686
737,153
737,551
738,643
738,676
738,279
738,909
738,3
738,515
738,631
738,153
738,679
739,467
739,749
739,279
739,30
739,515
739,156
739,631
739,153
739,314
739,679
740,298
740,792
740,628
740,100
740,223
740,140
740,686
740,32
740,645
740,679
741,191
741,436
741,674
741,131
741,388
741,909
741,140
741,167
741,645
741,679
742,179
742,119
742,677
742,509
742,909
742,140
742,629
742,551
742,645
742,679
743,1135
743,909
743,140
743,75
743,441
744,439
744,467
744,704
744,909
744,140
744,488
744,75
744,645
745,462
745,563
745,506
745,711
745,140
745,634
745,574
745,515
745,576
745,526
746,298
746,91
746,674
746,22
746,73
746,515
746,153
746,551
746,414
746,645
747,649
747,199
747,92
747,546
747,643
747,3
747,48
747,75
747,288
747,1129
748,550
748,785
748,894
748,117
748,110
748,156
748,75
748,157
748,336
749,1138
749,91
749,677
749,446
749,140
750,674
750,29
750,22
750,79
750,6
750,153
750,210
750,640
750,32
750,63
751,158
751,27
751,22
751,73
751,140
751,4
751,732
751,574
751,515
751,1094
752,179
752,158
752,117
752,467
752,536
752,75
752,631
752,551
752,414
752,645
753,649
753,199
753,437
753,119
753,168
753,643
753,100
753,1139
753,48
753,6
754,158
754,641
754,516
754,92
754,168
754,100
754,215
754,104
754,75
754,1118
755,447
755,158
755,140
755,634
755,732
755,515
755,75
755,640
755,471
755,1095
756,46
756,92
756,100
756,750
756,22
756,272
756,515
756,48
756,935
756,596
757,783
757,621
757,546
757,1140
757,574
757,48
757,632
757,547
757,1122
757,1118
758,298
758,159
758,103
758,516
758,473
758,168
758,750
758,634
758,153
758,1118
759,298
759,191
759,628
759,226
759,506
759,140
759,732
759,686
759,167
759,679
760,298
760,643
760,676
760,542
760,4
760,515
760,686
760,1141
760,1134
760,1133
761,298
761,792
761,628
761,100
761,1142
761,506
761,140
761,686
761,645
761,679
762,1124
762,290
762,700
762,473
762,168
762,60
762,532
762,515
762,1096
762,520
763,142
763,199
763,119
763,643
763,216
763,536
763,519
763,5
763,515
763,1096
764,592
764,290
764,673
764,219
764,519
764,1096
764,774
765,298
765,628
765,643
765,676
765,140
765,75
765,198
765,153
765,645
765,679
766,641
766,135
766,519
766,22
766,488
766,48
766,372
766,640
766,32
766,599
767,91
767,46
767,775
767,22
767,140
767,515
767,372
767,75
767,53
767,645
768,117
768,677
768,756
768,542
768,515
768,48
768,640
768,164
768,1101
768,1095
769,158
769,91
769,501
769,536
769,388
769,22
769,140
769,574
769,515
769,614
770,191
770,627
770,78
770,22
770,140
770,732
770,372
770,599
770,614
770,600
771,219
771,498
771,22
771,140
771,75
771,602
771,286
771,36
771,599
771,600
772,158
772,91
772,135
772,217
772,22
772,140
772,75
772,153
772,640
772,600
773,158
773,191
773,91
773,46
773,22
773,140
773,574
773,515
773,372
773,645
774,786
774,388
774,22
774,140
774,634
774,515
774,48
774,640
774,551
774,471
775,158
775,643
775,677
775,909
775,711
775,140
775,272
775,686
775,645
775,600
776,142
776,91
776,674
776,22
776,140
776,574
776,515
776,153
776,614
777,191
777,663
777,120
777,508
777,140
777,515
777,44
777,698
777,599
777,645
778,656
778,1138
778,91
778,674
778,676
778,101
778,22
778,686
778,153
778,551
779,158
779,533
779,91
779,1100
779,120
779,909
779,140
779,634
779,515
779,645
780,675
780,91
780,135
780,775
780,140
780,752
780,647
780,640
780,1143
780,600
781,656
781,436
781,726
781,22
781,515
781,157
781,153
782,656
782,473
782,100
782,694
782,140
782,515
782,75
782,153
782,614
782,600
783,638
783,310
783,628
783,677
783,534
783,519
783,770
783,414
783,1144
783,1095
784,624
784,291
784,436
784,131
784,508
784,488
784,831
784,632
784,153
784,93
785,648
785,291
785,543
785,219
785,506
785,593
785,726
785,166
785,1096
785,1145
786,589
786,699
786,158
786,120
786,316
786,684
786,121
786,286
786,1108
786,1109
787,509
787,634
787,316
787,515
787,684
787,121
787,50
787,705
787,1108
787,1109
788,298
788,447
788,643
788,140
788,79
788,732
788,515
788,645
788,1146
788,1095
789,191
789,119
789,92
789,120
789,101
789,22
789,155
789,121
789,89
789,1112
790,589
790,438
790,1100
790,279
790,316
790,574
790,75
790,121
790,89
790,1112
791,874
791,91
791,119
791,542
791,30
791,634
791,515
791,75
791,1102
791,121
792,589
792,798
792,92
792,583
792,711
792,1102
792,705
792,1108
792,1109
792,1112
793,456
793,658
793,581
793,694
793,140
793,634
793,686
793,157
793,645
794,158
794,592
794,97
794,119
794,290
794,155
794,73
794,5
794,515
794,75
795,506
795,634
795,316
795,574
795,1111
795,88
795,121
795,89
795,705
795,1112
796,589
796,447
796,219
796,135
796,1147
796,506
796,1148
796,286
796,1149
796,1150
797,648
797,13
797,22
797,372
797,1151
797,88
797,89
797,36
797,50
797,705
798,447
798,438
798,583
798,4
798,515
798,631
798,43
798,640
798,1113
799,627
799,140
799,686
800,533
800,674
800,30
800,515
800,75
800,631
800,640
800,414
800,1095
801,447
801,643
801,680
801,711
801,140
801,4
801,43
801,640
801,89
801,1113
802,456
802,316
802,831
802,631
802,157
802,121
802,89
802,705
802,1152
803,158
803,191
803,291
803,674
803,30
803,140
803,515
803,210
803,640
803,645
804,191
804,120
804,536
804,4
804,316
804,574
804,372
804,121
804,89
804,1112
805,589
805,462
805,506
805,104
805,711
805,515
805,75
805,121
805,89
805,705
806,720
806,1082
806,79
806,192
806,721
806,1148
806,828
806,823
806,1113
806,1123
807,227
807,1097
807,534
807,506
807,79
807,5
807,414
807,1104
807,1105
807,1095
808,158
808,663
808,97
808,119
808,290
808,216
808,223
808,1153
808,511
808,515
809,1154
809,447
809,227
809,1155
809,1114
809,1156
809,140
809,285
809,520
809,1095
810,90
810,22
810,140
810,1052
810,75
810,6
810,210
810,640
810,599
810,620
811,663
811,97
811,505
811,290
811,279
811,515
811,88
811,89
812,158
812,708
812,27
812,140
812,4
812,732
812,515
812,372
812,1157
812,1095
813,298
813,447
813,708
813,140
813,488
813,732
813,75
813,640
813,471
813,1146
814,447
814,501
814,643
814,542
814,711
814,140
814,515
814,1157
814,645
814,1095
815,462
815,290
815,643
815,216
815,534
815,279
815,515
815,75
815,166
815,1148
816,142
816,319
816,216
816,135
816,772
816,140
816,634
816,1148
816,806
816,1158
817,142
817,226
817,135
817,789
817,188
817,1159
817,1148
817,916
817,1160
817,812
818,648
818,720
818,651
818,201
818,168
818,223
818,515
818,1096
818,1161
818,1162
819,142
819,91
819,583
819,643
819,506
819,634
819,4
819,574
819,515
819,1148
820,589
820,651
820,506
820,120
820,542
820,22
820,515
820,1096
820,171
820,1161
821,589
821,583
821,135
821,680
821,5
821,175
821,603
821,640
821,1096
821,1161
822,589
822,651
822,634
822,4
822,272
822,640
822,1096
822,89
822,286
822,1161
823,217
823,680
823,1163
823,4
823,515
823,44
823,640
823,89
823,171
823,1161
824,158
824,91
824,643
824,519
824,574
824,515
824,647
824,181
824,1096
824,828
825,513
825,680
825,4
825,732
825,5
825,1096
825,806
825,623
825,562
825,1161
826,179
826,191
826,663
826,227
826,119
826,726
826,1164
826,140
826,515
826,645
827,689
827,140
827,280
827,629
827,647
827,75
827,285
827,599
827,679
827,1165
828,1097
828,467
828,79
828,156
828,441
828,551
829,874
829,117
829,747
829,643
829,710
829,542
829,515
829,770
829,1102
829,121
830,656
830,291
830,78
830,155
830,732
830,515
831,13
831,505
831,119
831,92
831,546
831,643
831,100
831,515
831,1102
831,705
832,874
832,290
832,588
832,772
832,634
832,515
832,723
832,121
833,191
833,663
833,456
833,290
833,674
833,140
833,75
833,313
833,285
833,645
834,621
834,643
834,506
834,542
834,711
834,634
834,576
834,1102
834,121
834,1112
835,179
835,708
835,219
835,22
835,140
835,79
835,515
835,640
835,32
835,599
836,1097
836,219
836,388
836,4
836,488
836,515
836,723
836,167
836,210
836,1104
837,456
837,290
837,467
837,291
837,279
837,140
837,732
837,574
837,515
837,314
838,456
838,119
838,1166
838,300
838,140
838,515
838,153
838,43
838,551
838,1095
839,223
839,676
839,534
839,60
839,772
839,140
839,515
839,166
839,602
839,314
840,546
840,677
840,534
840,772
840,140
840,488
840,686
840,632
840,285
840,53
841,546
841,677
841,775
841,140
841,686
841,647
841,198
841,1167
841,698
841,614
842,699
842,191
842,676
842,506
842,536
842,140
842,686
842,602
842,614
842,600
843,467
843,747
843,546
843,677
843,217
843,22
843,488
843,515
843,153
843,63
844,439
844,581
844,60
844,140
844,515
844,645
844,600
845,291
845,593
845,140
845,574
845,515
845,686
845,153
845,612
845,645
845,614
846,158
846,677
846,131
846,572
846,633
846,140
846,515
846,686
846,645
846,614
847,91
847,27
847,140
847,194
847,574
847,515
847,686
847,602
847,645
847,614
848,658
848,467
848,747
848,546
848,677
848,140
848,272
848,285
848,551
848,292
849,158
849,290
849,747
849,546
849,677
849,300
849,322
849,285
849,414
849,1095
850,725
850,168
850,677
850,498
850,22
850,140
850,515
850,603
850,606
850,63
851,191
851,27
851,546
851,506
851,120
851,536
851,633
851,647
851,1167
851,614
852,191
852,546
852,677
852,120
852,140
852,75
852,153
852,645
852,614
852,1168
853,1100
853,498
853,120
853,1114
853,634
853,609
853,75
853,88
853,121
853,1112
854,398
854,227
854,78
854,680
854,711
854,488
854,48
854,686
854,598
854,1101
855,103
855,516
855,92
855,22
855,634
855,316
855,515
855,631
855,723
855,121
856,804
856,588
856,643
856,506
856,772
856,629
856,316
856,723
856,121
856,1112
857,506
857,316
857,609
857,75
857,723
857,88
857,121
857,89
857,705
857,1112
858,641
858,502
858,588
858,772
858,629
858,316
858,284
858,121
858,1169
858,1112
859,589
859,13
859,588
859,772
859,711
859,316
859,515
859,1169
859,623
859,336
860,656
860,154
860,30
860,140
860,634
860,732
860,686
860,631
860,153
860,645
861,805
861,216
861,506
861,634
861,316
861,75
861,88
861,121
861,89
861,705
862,119
862,588
862,572
862,217
862,634
862,194
862,574
862,515
862,48
862,121
863,628
863,583
863,834
863,1100
863,506
863,316
863,88
863,121
863,623
863,1112
864,117
864,473
864,542
864,634
864,316
864,515
864,75
864,88
864,121
864,1169
865,589
865,641
865,751
865,1100
865,316
865,75
865,88
865,121
865,89
865,1112
866,641
866,663
866,223
866,388
866,542
866,634
866,515
866,75
866,88
866,121
867,191
867,27
867,13
867,92
867,583
867,22
867,372
867,286
867,606
867,50
868,191
868,546
868,677
868,219
868,120
868,633
868,140
868,686
868,698
868,614
869,447
869,158
869,119
869,140
869,488
869,732
869,515
869,75
869,769
869,645
870,135
870,140
870,634
870,4
870,732
870,515
870,75
870,640
870,1113
870,1095
871,1170
871,199
871,215
871,61
871,5
871,515
871,75
871,631
871,166
871,547
872,804
872,472
872,117
872,456
872,546
872,726
872,542
872,30
872,121
872,1112
873,142
873,1135
873,588
873,216
873,1114
873,772
873,634
873,1102
873,121
873,1112
874,627
874,57
874,74
874,186
874,372
874,121
874,224
874,1108
874,1109
874,1112
875,693
875,1171
875,373
875,92
875,546
875,100
875,300
875,329
875,44
875,640
876,191
876,119
876,643
876,120
876,101
876,4
876,767
876,551
876,606
876,1112
877,91
877,13
877,120
877,3
877,634
877,316
877,48
877,75
877,336
877,705
878,720
878,373
878,215
878,135
878,61
878,4
878,515
878,166
878,551
878,1160
879,142
879,956
879,583
879,135
879,1172
879,509
879,4
879,547
879,1027
879,828
880,656
880,91
880,674
880,279
880,217
880,22
880,140
880,515
880,157
880,153
881,298
881,191
881,91
881,628
881,1142
881,633
881,686
881,75
881,644
881,679
882,541
882,1135
882,158
882,676
882,140
882,634
882,686
882,631
882,645
882,600
883,117
883,909
883,155
883,140
883,686
883,157
883,645
884,867
884,533
884,117
884,223
884,155
884,711
884,140
884,686
884,75
884,1169
885,649
885,1135
885,674
885,279
885,704
885,30
885,140
885,1078
885,153
885,679
886,117
886,542
886,155
886,140
887,638
887,191
887,628
887,1100
887,680
887,686
887,1111
887,1173
887,600
887,679
888,291
888,643
888,131
888,694
888,155
888,140
888,634
888,686
888,75
888,645
889,158
889,395
889,91
889,345
889,546
889,140
889,634
889,488
889,364
889,112
890,298
890,191
890,91
890,772
890,73
890,140
890,75
890,1096
890,644
890,679
891,792
891,158
891,191
891,628
891,506
891,140
891,4
891,686
891,600
891,679
892,438
892,673
892,279
892,73
892,140
892,574
892,831
892,631
892,329
892,645
893,191
893,91
893,46
893,22
893,574
893,515
893,372
893,414
893,1094
893,679
894,91
894,119
894,506
894,1153
894,542
894,30
894,140
894,66
894,634
894,1169
895,117
895,91
895,109
895,536
895,22
895,140
895,4
895,515
895,1174
895,600
896,91
896,109
896,674
896,22
896,140
896,515
896,153
896,551
896,645
896,1175
897,117
897,119
897,775
897,506
897,140
897,634
897,75
897,631
897,157
897,153
898,438
898,656
898,91
898,467
898,674
898,22
898,140
898,441
898,153
898,314
899,785
899,30
899,140
899,634
900,191
900,467
900,436
900,674
900,22
900,140
900,153
900,640
900,645
900,679
901,227
901,117
901,731
901,689
901,223
901,140
901,634
901,686
901,645
901,566
902,27
902,46
902,22
902,140
902,4
902,574
902,372
902,640
902,821
902,679
903,540
903,1097
903,91
903,473
903,30
903,140
903,156
903,551
903,171
904,159
904,91
904,674
904,1100
904,22
904,140
904,515
904,831
904,153
904,679
905,191
905,91
905,46
905,78
905,1100
905,732
905,574
905,640
905,414
905,679
906,257
906,643
906,215
906,223
906,4
906,5
906,75
906,640
906,551
906,141
907,656
907,1138
907,290
907,583
907,279
907,694
907,155
907,515
907,1148
908,456
908,665
908,726
908,542
908,316
908,831
908,75
908,121
908,645
908,1112
909,785
909,456
909,169
909,609
909,631
910,298
910,158
910,663
910,456
910,120
910,316
910,372
910,121
910,698
910,1112
911,649
911,583
911,772
911,104
911,629
911,4
911,1176
911,1102
911,121
911,1112
912,462
912,473
912,643
912,279
912,388
912,30
912,515
912,75
913,447
913,78
913,120
913,140
913,74
913,4
913,732
913,1052
913,515
913,1042
914,589
914,119
914,634
914,372
914,1102
914,121
914,790
914,1108
914,1109
914,1112
915,191
915,501
915,120
915,726
915,217
915,316
915,515
915,631
915,121
915,292
916,1170
916,135
916,629
916,4
916,515
916,75
916,632
916,547
916,285
916,828
917,158
917,133
917,92
917,215
917,135
917,629
917,5
917,272
917,515
917,547
918,693
918,447
918,191
918,27
918,195
918,583
918,772
918,140
918,732
918,574
919,447
919,191
919,27
919,78
919,140
919,4
919,732
919,515
919,75
919,1148
920,1170
920,142
920,731
920,689
920,538
920,66
920,732
920,547
920,774
920,1027
921,158
921,956
921,373
921,92
921,1177
921,75
921,1122
921,539
921,1027
921,828
922,533
922,279
922,300
922,388
922,22
922,140
922,488
922,515
922,153
922,723
923,656
923,1138
923,279
923,22
923,140
923,79
923,515
923,53
923,599
924,641
924,13
924,588
924,92
924,643
924,100
924,217
924,515
924,1102
924,705
925,263
925,533
925,119
925,473
925,643
925,100
925,542
925,515
925,121
925,705
926,142
926,91
926,588
926,542
926,30
926,594
926,634
926,515
926,153
926,551
927,299
927,13
927,516
927,92
927,643
927,506
927,446
927,680
927,515
927,723
928,158
928,651
928,199
928,13
928,168
928,643
928,515
928,1129
928,293
928,705
929,882
929,641
929,185
929,28
929,345
929,348
929,72
929,574
929,1178
929,448
930,358
930,187
930,1179
930,1180
930,1181
930,31
930,304
930,1182
930,1183
930,1184
931,185
931,483
931,28
931,345
931,35
931,1185
931,549
931,176
931,270
931,354
932,185
932,491
932,154
932,658
932,345
932,440
932,216
932,347
932,22
932,162
933,185
933,797
933,28
933,469
933,345
933,1186
933,1187
933,1188
933,80
933,1189
934,1190
934,1191
934,376
934,1192
934,76
934,54
934,1193
934,1194
934,1195
934,1196
935,185
935,1197
935,13
935,28
935,469
935,97
935,345
935,1188
935,1198
935,404
936,56
936,1199
936,187
936,345
936,376
936,1200
936,1201
936,9
936,1189
936,1202
937,1203
937,1204
937,28
937,187
937,345
937,1205
937,76
937,1193
937,1206
937,1207
938,1208
938,1209
938,187
938,345
938,1210
938,1211
938,1212
938,1213
938,1214
938,1215
939,335
939,28
939,345
939,46
939,241
939,1088
939,1216
939,1217
939,1218
939,564
940,1219
940,199
940,783
940,1220
940,2
940,187
940,345
940,16
940,1221
940,1222
941,540
941,472
941,213
941,201
941,909
941,128
941,448
941,189
941,1188
941,314
942,1190
942,1208
942,1223
942,28
942,97
942,345
942,308
942,480
942,404
942,1212
943,1224
943,1209
943,118
943,187
943,345
943,1225
943,404
943,1212
943,270
943,1226
944,649
944,56
944,28
944,97
944,187
944,345
944,1227
944,1200
944,471
944,1228
945,675
945,783
945,2
945,345
945,5
945,329
945,54
945,1229
945,1230
945,1231
946,71
946,201
946,345
946,216
946,75
946,448
946,167
946,471
946,1228
946,1232
947,56
947,1197
947,345
947,376
947,1233
947,378
947,370
947,1229
947,1230
947,1231
948,185
948,345
948,168
948,101
948,111
948,30
948,74
948,128
948,70
948,478
949,1
949,185
949,1190
949,257
949,13
949,328
949,448
949,1188
949,167
949,1193
950,580
950,783
950,28
950,345
950,46
950,1216
950,364
950,1234
950,9
950,1207
951,438
951,656
951,213
951,2
951,168
951,60
951,1216
951,734
951,1235
951,1236
952,483
952,496
952,2
952,118
952,28
952,345
952,46
952,1216
952,457
952,293
953,56
953,783
953,13
953,2
953,97
953,3
953,1216
953,329
953,1229
953,1231
954,1203
954,1190
954,206
954,1205
954,1193
954,1212
954,1237
954,1238
954,1239
954,1207
955,56
955,341
955,1224
955,1220
955,345
955,241
955,104
955,1200
955,1240
955,1228
956,1241
956,13
956,46
956,536
956,51
956,68
956,457
956,480
956,1237
956,1207
957,185
957,783
957,13
957,206
957,2
957,1242
957,1088
957,1216
957,1243
957,1244
958,185
958,1245
958,103
958,548
958,92
958,104
958,504
958,6
958,478
958,1228
959,341
959,1190
959,2
959,1205
959,1246
959,1064
959,480
959,1247
959,1193
959,1237
960,56
960,398
960,783
960,1245
960,28
960,187
960,345
960,827
960,1192
960,471
961,384
961,783
961,1248
961,187
961,345
961,1249
961,1217
961,362
961,1250
961,1251
962,675
962,1252
962,165
962,783
962,119
962,30
962,364
962,551
962,171
962,370
963,462
963,25
963,534
963,374
963,79
963,153
963,1253
963,102
963,1254
963,1236
964,263
964,1255
964,641
964,534
964,701
964,194
964,5
964,75
964,364
964,448
965,695
965,28
965,345
965,1256
965,701
965,72
965,1257
965,1221
965,137
965,1258
966,27
966,13
966,2
966,345
966,374
966,1259
966,1088
966,48
966,1216
966,1193
967,783
967,28
967,345
967,16
967,3
967,1216
967,1189
967,1260
967,1207
967,1261
968,310
968,335
968,1224
968,100
968,131
968,364
968,6
968,69
968,551
968,1228
969,438
969,462
969,201
969,13
969,1223
969,187
969,694
969,1247
969,478
969,1236
970,27
970,1190
970,28
970,345
970,1216
970,364
970,293
970,478
970,1238
970,1262
971,310
971,185
971,384
971,345
971,1088
971,194
971,326
971,1263
971,1234
971,1264
972,1197
972,2
972,345
972,1265
972,372
972,1151
972,1221
972,10
972,54
972,1194
973,1266
973,28
973,345
973,138
973,1088
973,1216
973,317
973,1249
973,1217
973,1210
974,25
974,27
974,41
974,2
974,345
974,374
974,79
974,1088
974,329
974,1253
975,707
975,1190
975,2
975,280
975,79
975,1221
975,1188
975,10
975,137
975,653
976,675
976,71
976,1267
976,321
976,775
976,5
976,1221
976,10
976,1268
976,1269
977,649
977,699
977,56
977,783
977,28
977,187
977,345
977,69
977,1217
977,1183
978,783
978,2
978,345
978,1088
978,1064
978,1216
978,1192
978,457
978,1270
978,1271
979,33
979,783
979,2
979,28
979,345
979,3
979,1192
979,1193
979,1271
979,1194
980,1197
980,1190
980,783
980,1245
980,28
980,345
980,1192
980,76
980,1193
980,1194
981,191
981,765
981,56
981,783
981,1208
981,345
981,92
981,5
981,68
981,6
982,1
982,56
982,185
982,5
982,329
982,364
982,1272
982,10
982,1228
982,1273
983,1190
983,2
983,28
983,3
983,128
983,1221
983,448
983,167
983,137
983,1194
984,1274
984,2
984,345
984,79
984,1088
984,1216
984,1192
984,457
984,404
984,478
985,33
985,1197
985,1190
985,783
985,28
985,345
985,46
985,1265
985,1194
985,1275
986,2
986,152
986,78
986,5
986,1221
986,457
986,1276
986,821
986,10
986,1277
987,71
987,28
987,345
987,29
987,534
987,374
987,1088
987,1216
987,163
987,1217
988,56
988,2
988,345
988,1278
988,1088
988,1064
988,1151
988,1216
988,10
988,653
989,27
989,187
989,345
989,1279
989,374
989,1280
989,1247
989,478
989,1202
989,1281
990,345
990,1246
990,16
990,1216
990,1221
990,364
990,68
990,193
990,1228
990,1282
991,1
991,1224
991,119
991,215
991,542
991,316
991,1151
991,364
991,102
991,1228
992,1223
992,168
992,29
992,101
992,61
992,457
992,171
992,10
992,480
992,1237
993,580
993,384
993,1048
993,451
993,187
993,345
993,1216
993,1263
993,549
993,1283
994,91
994,483
994,646
994,138
994,79
994,1088
994,128
994,1216
994,167
994,457
995,815
995,319
995,345
995,718
995,1284
995,508
995,163
995,1217
995,602
995,1269
996,815
996,290
996,30
996,75
996,1221
996,163
996,603
996,457
996,606
996,1285
997,783
997,345
997,241
997,120
997,3
997,1221
997,457
997,76
997,478
997,1282
998,447
998,345
998,3
998,1221
998,448
998,167
998,62
998,93
998,1273
998,1229
999,142
999,2
999,345
999,152
999,78
999,374
999,885
999,49
999,1249
999,1105
1000,431
1000,1241
1000,428
1000,33
1000,187
1000,374
1000,536
1000,79
1000,53
1000,1286
1001,1287
1001,541
1001,71
1001,1241
1001,28
1001,470
1001,374
1001,104
1001,73
1001,268
1002,56
1002,28
1002,345
1002,241
1002,1288
1002,1192
1002,1289
1002,1290
1002,1291
1002,1292
1003,91
1003,27
1003,201
1003,1293
1003,374
1003,101
1003,329
1003,632
1003,163
1003,6
1004,2
1004,187
1004,345
1004,241
1004,8
1004,564
1004,1004
1004,1228
1004,1202
1004,1294
1005,589
1005,431
1005,384
1005,345
1005,79
1005,1088
1005,1295
1005,1249
1005,602
1005,457
1006,306
1006,187
1006,345
1006,241
1006,1259
1006,1200
1006,190
1006,87
1006,784
1006,1296
1007,1199
1007,28
1007,345
1007,1297
1007,1074
1007,1116
1007,1201
1007,1298
1007,1202
1007,1299
1008,185
1008,27
1008,345
1008,534
1008,374
1008,79
1008,1216
1008,1116
1008,1206
1008,1300
1009,783
1009,2
1009,28
1009,345
1009,46
1009,241
1009,1242
1009,1216
1009,1134
1009,1301
1010,783
1010,345
1010,3
1010,79
1010,1302
1010,1216
1010,137
1010,566
1010,370
1010,1303
1011,1304
1011,319
1011,1305
1011,152
1011,79
1011,1306
1011,1307
1011,54
1011,1308
1011,1300
1012,1309
1012,151
1012,345
1012,78
1012,374
1012,909
1012,1088
1012,163
1012,564
1012,32
1013,1
1013,345
1013,374
1013,393
1013,79
1013,105
1013,1216
1013,329
1013,364
1013,170
1014,783
1014,2
1014,345
1014,46
1014,241
1014,1088
1014,1216
1014,1134
1014,1192
1014,1004
1015,627
1015,33
1015,12
1015,2
1015,345
1015,1293
1015,1263
1015,1217
1015,137
1015,1310
1016,589
1016,310
1016,187
1016,345
1016,1092
1016,105
1016,1249
1016,1311
1016,1312
1016,1313
1017,282
1017,13
1017,28
1017,345
1017,1302
1017,1216
1017,6
1017,76
1017,106
1017,1314
1018,1199
1018,2
1018,345
1018,46
1018,1263
1018,1264
1018,1310
1018,1286
1018,1315
1018,1300
1019,1190
1019,1199
1019,2
1019,152
1019,1316
1019,1074
1019,1249
1019,80
1019,896
1019,1202
1020,693
1020,1287
1020,345
1020,750
1020,79
1020,511
1020,1088
1020,186
1020,706
1020,564
1021,783
1021,2
1021,28
1021,241
1021,3
1021,79
1021,1216
1021,208
1021,1134
1021,1004
1022,97
1022,345
1022,798
1022,374
1022,1317
1022,49
1022,1249
1022,739
1022,1313
1022,1105
1023,142
1023,345
1023,264
1023,79
1023,1093
1023,1088
1023,1074
1023,1318
1023,1301
1023,1319
1024,191
1024,151
1024,731
1024,689
1024,135
1024,374
1024,101
1024,104
1024,163
1024,1320
1025,263
1025,13
1025,28
1025,345
1025,1186
1025,1216
1025,1192
1025,1321
1025,457
1025,564
1026,185
1026,1197
1026,783
1026,1245
1026,345
1026,1322
1026,1151
1026,364
1026,6
1026,1323
1027,185
1027,1197
1027,341
1027,783
1027,2
1027,1245
1027,1205
1027,54
1027,1324
1027,370
1028,1197
1028,1245
1028,28
1028,345
1028,1325
1028,876
1028,139
1028,1216
1028,376
1028,1247
1029,783
1029,2
1029,28
1029,345
1029,1326
1029,827
1029,104
1029,1216
1029,189
1029,1192
1030,90
1030,161
1030,100
1030,742
1030,574
1030,1221
1030,313
1030,164
1030,551
1030,1273
1031,142
1031,1327
1031,2
1031,28
1031,345
1031,1186
1031,1116
1031,1192
1031,137
1031,1308
1032,27
1032,1197
1032,783
1032,1245
1032,28
1032,120
1032,104
1032,1216
1032,329
1032,164
1033,206
1033,2
1033,187
1033,345
1033,1064
1033,1216
1033,1200
1033,457
1033,1328
1033,10
1034,1329
1034,109
1034,306
1034,2
1034,345
1034,3
1034,1225
1034,484
1034,1188
1034,1271
1035,783
1035,187
1035,1191
1035,376
1035,378
1035,1330
1035,1189
1035,270
1035,1331
1035,1332
1036,28
1036,187
1036,345
1036,1278
1036,376
1036,1133
1036,1192
1036,81
1036,1333
1036,1282
1037,91
1037,257
1037,2
1037,28
1037,22
1037,140
1037,280
1037,128
1037,1334
1037,1271
1038,1335
1038,1190
1038,1336
1038,206
1038,1223
1038,1245
1038,187
1038,376
1038,1228
1038,1207
1039,1337
1039,1190
1039,28
1039,258
1039,187
1039,345
1039,46
1039,250
1039,1206
1039,1338
1040,71
1040,2
1040,345
1040,228
1040,568
1040,16
1040,22
1040,1278
1040,140
1040,1151
1041,1339
1041,56
1041,341
1041,2
1041,345
1041,1340
1041,69
1041,10
1041,1341
1041,1296
1042,580
1042,56
1042,257
1042,187
1042,345
1042,301
1042,8
1042,190
1042,443
1042,566
1043,185
1043,35
1043,1151
1043,1225
1043,1342
1043,10
1043,54
1043,1230
1043,1296
1043,1231
1044,341
1044,2
1044,345
1044,241
1044,422
1044,1216
1044,364
1044,1321
1044,1228
1044,1282
1045,1287
1045,1337
1045,707
1045,1297
1045,1088
1045,1221
1045,364
1045,250
1045,121
1045,653
1046,1337
1046,1190
1046,1343
1046,118
1046,28
1046,345
1046,244
1046,250
1046,1206
1046,1344
1047,1337
1047,341
1047,1190
1047,783
1047,187
1047,345
1047,46
1047,1345
1047,1216
1047,364
1048,299
1048,222
1048,79
1048,1088
1048,1074
1048,250
1048,1346
1048,1201
1048,137
1048,1347
1049,2
1049,28
1049,345
1049,22
1049,1151
1049,1216
1049,112
1049,1185
1049,1321
1049,1348
1050,2
1050,28
1050,345
1050,100
1050,101
1050,22
1050,1216
1050,6
1050,93
1050,1349
1051,306
1051,12
1051,46
1051,135
1051,3
1051,4
1051,781
1051,6
1051,9
1051,526
1052,495
1052,2
1052,732
1052,75
1052,51
1052,1350
1052,53
1052,9
1052,32
1052,336
1053,168
1053,51
1053,163
1053,9
1053,171
1053,62
1053,63
1053,64
1053,37
1053,38
1054,185
1054,12
1054,96
1054,103
1054,92
1054,538
1054,229
1054,51
1054,9
1054,115
1055,41
1055,103
1055,477
1055,229
1055,51
1055,68
1055,9
1055,1351
1055,1352
1055,70
1056,145
1056,1353
1056,548
1056,66
1056,5
1056,49
1056,6
1056,911
1056,9
1056,716
1057,158
1057,191
1057,97
1057,92
1057,73
1057,74
1057,6
1057,53
1057,9
1057,289
1058,213
1058,13
1058,100
1058,22
1058,72
1058,128
1058,102
1058,9
1058,32
1058,70
1059,580
1059,213
1059,168
1059,101
1059,128
1059,9
1059,171
1059,63
1059,64
1059,38
1060,90
1060,46
1060,92
1060,66
1060,99
1060,51
1060,68
1060,9
1060,577
1060,70
1061,550
1061,71
1061,213
1061,41
1061,202
1061,15
1061,22
1061,51
1061,9
1061,38
1062,580
1062,184
1062,33
1062,12
1062,96
1062,87
1062,9
1062,521
1062,70
1062,23
1063,12
1063,2
1063,103
1063,516
1063,168
1063,1354
1063,279
1063,229
1063,64
1063,1235
1064,174
1064,22
1064,162
1064,128
1064,75
1064,163
1064,9
1064,32
1064,115
1064,23
1065,91
1065,12
1065,219
1065,1265
1065,5
1065,75
1065,51
1065,6
1065,53
1065,9
1066,117
1066,492
1066,168
1066,128
1066,313
1066,9
1066,62
1066,32
1066,115
1066,480
1067,90
1067,12
1067,41
1067,516
1067,138
1067,163
1067,6
1067,9
1067,1254
1067,93
1068,1287
1068,118
1068,102
1068,426
1068,9
1068,106
1068,545
1068,63
1068,93
1068,107
1069,117
1069,91
1069,168
1069,22
1069,51
1069,163
1069,9
1069,62
1069,32
1069,63
1070,122
1070,145
1070,583
1070,4
1070,49
1070,317
1070,6
1070,9
1070,716
1070,70
1071,91
1071,12
1071,2
1071,79
1071,5
1071,163
1071,210
1071,9
1071,70
1071,93
1072,9
1072,612
1072,1355
1072,526
1072,1356
1072,106
1072,521
1072,136
1072,81
1072,107
1073,213
1073,117
1073,168
1073,131
1073,542
1073,74
1073,48
1073,9
1073,37
1073,38
1074,91
1074,12
1074,2
1074,79
1074,5
1074,163
1074,210
1074,9
1074,70
1074,93
1075,580
1075,90
1075,56
1075,168
1075,48
1075,51
1075,9
1075,63
1075,64
1075,38
1076,12
1076,13
1076,46
1076,68
1076,9
1076,1351
1076,1352
1076,1357
1076,70
1076,107
1077,213
1077,41
1077,28
1077,202
1077,15
1077,22
1077,51
1077,17
1077,9
1077,32
1078,2
1078,216
1078,219
1078,135
1078,155
1078,156
1078,1151
1078,631
1078,9
1078,63
1079,12
1079,2
1079,3
1079,4
1079,51
1079,49
1079,9
1079,1356
1079,176
1079,81
1080,158
1080,537
1080,168
1080,120
1080,51
1080,632
1080,189
1080,87
1080,9
1080,36
1081,201
1081,118
1081,78
1081,74
1081,75
1081,51
1081,102
1081,9
1081,93
1081,107
1082,151
1082,92
1082,168
1082,787
1082,61
1082,128
1082,317
1082,9
1082,32
1082,54
1083,168
1083,131
1083,60
1083,61
1083,155
1083,9
1083,32
1083,63
1083,64
1083,1235
1084,158
1084,213
1084,168
1084,131
1084,219
1084,48
1084,9
1084,32
1084,63
1084,64
1085,345
1085,168
1085,128
1085,208
1085,9
1085,171
1085,62
1085,32
1085,115
1085,63
1086,90
1086,438
1086,467
1086,168
1086,60
1086,155
1086,9
1086,32
1086,63
1086,64
1087,2
1087,712
1087,175
1087,9
1087,713
1087,1356
1087,666
1087,136
1087,81
1087,137
1088,46
1088,731
1088,689
1088,78
1088,280
1088,49
1088,53
1088,9
1088,1355
1088,1356
1089,91
1089,168
1089,61
1089,72
1089,3
1089,144
1089,166
1089,9
1089,526
1089,63
1090,90
1090,91
1090,27
1090,168
1090,583
1090,477
1090,135
1090,4
1090,9
1090,107
1091,398
1091,2
1091,46
1091,787
1091,1358
1091,632
1091,9
1091,1355
1091,526
1091,54
1092,345
1092,104
1092,1257
1092,51
1092,317
1092,188
1092,121
1092,9
1092,106
1092,107
1093,395
1093,91
1093,516
1093,100
1093,3
1093,4
1093,144
1093,102
1093,9
1093,578
1094,306
1094,41
1094,13
1094,46
1094,49
1094,9
1094,1355
1094,1356
1094,106
1094,107
1095,82
1095,2
1095,632
1095,9
1095,526
1095,1359
1095,1360
1095,828
1095,1233
1095,823
1096,580
1096,46
1096,280
1096,79
1096,632
1096,938
1096,526
1096,1361
1096,10
1096,54
1097,12
1097,46
1097,103
1097,1362
1097,135
1097,827
1097,4
1097,5
1097,9
1097,716
1098,438
1098,12
1098,168
1098,60
1098,4
1098,163
1098,9
1098,281
1098,63
1098,64
1099,56
1099,306
1099,2
1099,97
1099,68
1099,9
1099,1357
1099,666
1099,652
1099,81
1100,92
1100,168
1100,100
1100,104
1100,128
1100,576
1100,189
1100,121
1100,9
1100,107
1101,496
1101,405
1101,96
1101,584
1101,86
1101,9
1101,106
1101,1363
1101,1364
1101,107
1102,2
1102,97
1102,1242
1102,712
1102,9
1102,713
1102,598
1102,1365
1102,10
1102,137
1103,12
1103,13
1103,96
1103,92
1103,104
1103,51
1103,1366
1103,9
1103,106
1103,107
1104,90
1104,41
1104,97
1104,516
1104,219
1104,135
1104,163
1104,6
1104,9
1104,828
1105,13
1105,502
1105,66
1105,68
1105,88
1105,209
1105,9
1105,524
1105,50
1105,652
1106,91
1106,12
1106,2
1106,79
1106,5
1106,163
1106,210
1106,9
1106,70
1106,93
1107,27
1107,97
1107,718
1107,219
1107,135
1107,74
1107,5
1107,6
1107,9
1107,821
1108,122
1108,550
1108,41
1108,219
1108,135
1108,101
1108,163
1108,9
1108,526
1108,1360
1109,447
1109,168
1109,219
1109,135
1109,1052
1109,163
1109,6
1109,188
1109,9
1109,823
1110,41
1110,46
1110,49
1110,796
1110,724
1110,9
1110,1367
1110,106
1110,70
1110,107
1111,71
1111,27
1111,1265
1111,16
1111,885
1111,340
1111,75
1111,51
1111,9
1111,76
1112,122
1112,496
1112,41
1112,13
1112,46
1112,174
1112,509
1112,186
1112,9
1112,76
1113,1368
1113,12
1113,502
1113,92
1113,22
1113,74
1113,340
1113,51
1113,9
1113,76
1114,495
1114,12
1114,13
1114,516
1114,104
1114,75
1114,102
1114,9
1114,524
1114,512
1115,151
1115,26
1115,168
1115,169
1115,61
1115,72
1115,316
1115,9
1115,76
1115,70
1116,541
1116,71
1116,151
1116,28
1116,168
1116,174
1116,51
1116,9
1116,76
1116,32
1117,41
1117,13
1117,345
1117,104
1117,856
1117,6
1117,9
1117,578
1117,524
1117,107
1118,158
1118,13
1118,516
1118,100
1118,101
1118,61
1118,98
1118,1369
1118,9
1118,63
1119,438
1119,13
1119,118
1119,155
1119,9
1119,171
1119,32
1119,63
1119,64
1119,107
1120,495
1120,12
1120,13
1120,118
1120,100
1120,104
1120,75
1120,9
1120,106
1120,107
1121,1370
1121,1241
1121,1371
1121,1372
1121,1373
1121,1374
1121,1375
1122,874
1122,1376
1122,641
1122,1059
1123,1267
1123,1377
1123,879
1123,1378
1123,1379
1123,1380
1123,1381
1123,1382
1124,1138
1124,25
1124,440
1124,886
1124,840
1124,890
1125,165
1125,866
1126,310
1126,1154
1126,1267
1126,1383
1126,1371
1126,870
1126,1384
1127,1385
1127,25
1127,456
1127,694
1127,897
1128,491
1128,879
1128,1068
1128,741
1128,771
1128,570
1128,1386
1129,1370
1129,641
1129,227
1129,1373
1129,1387
1129,1388
1130,1371
1130,866
1130,1389
1130,1390
1131,1154
1131,1391
1131,870
1131,1392
1132,1370
1132,1393
1132,1394
1132,1381
1132,1386
1133,541
1133,26
1133,694
1133,866
1134,122
1134,1154
1134,804
1134,1395
1134,842
1134,1396
1134,1392
1134,1156
1135,1370
1135,1397
1135,886
1135,1371
1135,1398
1136,1370
1136,550
1136,26
1136,1393
1136,886
1136,1371
1136,1386
1137,886
1137,1371
1137,879
1137,570
1137,1399
1138,310
1138,1400
1138,624
1138,1393
1138,860
1138,1392
1138,1381
1139,1154
1139,814
1139,886
1139,1372
1139,1401
1139,1402
1139,534
1140,122
1140,814
1140,786
1140,26
1140,859
1140,677
1140,1403
1141,491
1141,1371
1141,1372
1141,1404
1141,1405
1141,1390
1142,26
1142,886
1142,139
1142,892
1143,854
1143,1405
1143,866
1144,1138
1144,879
1144,1100
1144,870
1145,1392
1146,1154
1146,154
1146,886
1146,834
1146,1405
1147,1370
1147,894
1147,456
1147,1383
1147,886
1148,708
1148,1155
1148,1391
1148,1406
1148,1405
1148,1381
1149,310
1149,785
1149,786
1149,771
1149,1405
1149,840
1149,1390
1150,651
1150,1383
1150,440
1150,1405
1150,870
1150,840
1150,73
1151,1370
1151,165
1151,25
1151,1407
1151,110
1151,1100
1151,876
1151,570
1151,1408
1152,874
1152,894
1152,26
1152,886
1152,694
1152,897
1153,1370
1153,814
1153,886
1153,1246
1153,1409
1154,1266
1154,1154
1154,1370
1154,786
1154,886
1154,1410
1155,310
1155,428
1155,694
1155,856
1155,866
1156,1241
1156,886
1156,534
1156,870
1156,1373
1157,1370
1157,1267
1157,641
1157,834
1157,876
1157,1392
1157,1399
1157,1389
1158,886
1158,570
1159,1170
1159,1267
1159,786
1159,26
1159,456
1159,29
1159,665
1159,570
1159,1386
1160,165
1160,472
1160,708
1160,456
1160,570
1160,1411
1161,840
1161,1392
1162,122
1162,688
1162,814
1162,26
1162,1383
1162,169
1163,1154
1163,1370
1163,1412
1163,1413
1163,1414
1163,1382
1164,298
1164,886
1164,570
1164,1381
1164,1386
1164,1415
1165,894
1165,1394
1165,876
1165,534
1165,1354
1166,1266
1166,1154
1166,1370
1166,1416
1166,886
1166,570
1166,1387
1167,1154
1167,1370
1167,814
1167,886
1167,1392
1168,1241
1168,1372
1168,1405
1168,1417
1168,1418
1169,537
1169,29
1169,1419
1169,870
1169,570
1169,1386
1170,804
1170,624
1170,26
1170,169
1170,870
1170,1386
1171,1154
1171,1370
1171,651
1171,708
1171,1420
1171,1405
1171,570
1172,1386
1173,677
1173,835
1173,1391
1173,570
1173,1392
1174,537
1174,428
1174,1405
1174,300
1174,1386
1175,310
1175,1154
1175,814
1175,26
1175,495
1175,853
1175,1386
1175,139
1176,1421
1176,227
1176,26
1176,844
1176,1156
1176,1386
1177,151
1177,25
1177,1371
1177,860
1177,1380
1177,1422
1178,1154
1178,1370
1178,786
1178,677
1178,741
1178,1419
1179,1154
1179,1138
1179,834
1179,1404
1179,1405
1179,534
1179,694
1180,122
1180,1154
1180,814
1180,169
1180,1371
1180,1390
1181,310
1181,1370
1181,1372
1181,1405
1181,1423
1181,1418
1181,1386
1181,1390
1182,1394
1182,879
1182,1068
1182,870
1182,570
1183,541
1183,1383
1183,886
1183,1372
1183,534
1183,1373
1183,890
1184,1154
1184,472
1184,844
1184,1424
1185,1154
1185,1370
1185,1383
1185,1100
1185,1373
1186,165
1186,472
1186,26
1186,1420
1186,694
1186,866
1186,1389
1187,785
1187,894
1187,440
1187,677
1187,570
1187,866
1188,1394
1188,866
1189,396
1189,866
1190,1266
1190,1370
1190,472
1190,1097
1190,840
1190,570
1190,1386
1191,310
1191,1425
1191,835
1191,1426
1191,1405
1191,1427
1192,1399
1193,1138
1193,25
1193,463
1193,110
1193,570
1193,694
1194,1266
1194,1154
1194,1370
1194,165
1194,26
1194,877
1194,840
1194,570
1195,298
1195,540
1195,491
1195,456
1195,440
1195,1405
1195,840
1196,886
1196,834
1196,1405
1196,1373
1196,1381
1197,1428
1197,12
1197,13
1197,96
1197,103
1197,488
1197,1151
1197,576
1197,549
1197,10
1198,46
1198,202
1198,203
1198,74
1198,316
1198,48
1198,317
1198,43
1198,1429
1198,1430
1199,396
1199,71
1199,756
1199,1431
1199,885
1199,1132
1199,45
1199,1432
1199,1433
1199,1434
1200,693
1200,12
1200,13
1200,501
1200,135
1200,488
1200,1151
1200,51
1200,702
1200,1435
1201,1058
1201,548
1201,92
1201,543
1201,531
1201,4
1201,532
1201,1436
1201,1437
1201,1438
1202,19
1202,46
1202,92
1202,1153
1202,74
1202,532
1202,75
1202,1437
1202,774
1202,1439
1203,431
1203,159
1203,463
1203,1124
1203,399
1203,627
1203,400
1203,831
1203,1440
1203,734
1204,431
1204,1047
1204,20
1204,13
1204,96
1204,501
1204,1151
1204,576
1204,317
1204,188
1205,13
1205,548
1205,1441
1205,92
1205,100
1205,514
1205,66
1205,1151
1205,705
1205,1442
1206,12
1206,13
1206,103
1206,535
1206,488
1206,1151
1206,288
1206,188
1206,702
1206,1442
1207,118
1207,291
1207,156
1207,754
1207,441
1207,157
1207,167
1207,774
1208,1053
1208,82
1208,13
1208,1371
1208,48
1208,1151
1208,68
1208,317
1208,828
1208,1443
1209,513
1209,627
1209,278
1209,182
1209,856
1209,69
1209,1125
1209,1444
1209,1445
1209,1446
1210,513
1210,463
1210,185
1210,515
1210,1444
1210,63
1211,627
1211,13
1211,488
1211,317
1211,1447
1211,1448
1211,414
1211,36
1211,599
1211,1449
1212,894
1212,91
1212,473
1212,397
1212,4
1212,515
1212,980
1212,441
1212,1450
1212,63
1213,90
1213,191
1213,185
1213,1451
1213,397
1213,51
1213,317
1213,557
1213,1452
1213,739
1214,651
1214,1453
1214,1053
1214,91
1214,1371
1214,29
1214,881
1214,75
1214,317
1214,189
1215,12
1215,13
1215,1441
1215,168
1215,514
1215,515
1215,831
1215,48
1215,160
1215,576
1216,46
1216,488
1216,1079
1216,609
1216,1086
1216,414
1216,1454
1216,599
1216,390
1216,1455
1217,693
1217,91
1217,501
1217,1451
1217,876
1217,4
1217,1456
1217,317
1217,87
1217,1457
1218,263
1218,71
1218,639
1218,82
1218,14
1218,94
1218,572
1218,317
1218,88
1218,1457
1219,71
1219,91
1219,13
1219,46
1219,202
1219,1371
1219,316
1219,75
1219,317
1219,1458
1220,91
1220,1371
1220,1059
1220,572
1220,711
1220,574
1220,5
1220,75
1220,317
1220,1459
1221,12
1221,13
1221,118
1221,933
1221,502
1221,66
1221,1151
1221,317
1221,578
1221,45
1222,541
1222,46
1222,168
1222,100
1222,131
1222,61
1222,139
1222,634
1222,48
1222,76
1223,91
1223,13
1223,97
1223,1460
1223,92
1223,138
1223,74
1223,5
1223,48
1223,317
1224,122
1224,541
1224,118
1224,78
1224,374
1224,74
1224,488
1224,48
1224,167
1224,774
1225,310
1225,538
1225,822
1225,127
1225,3
1225,488
1225,5
1225,129
1225,8
1225,521
1226,1304
1226,13
1226,96
1226,1059
1226,1142
1226,534
1226,488
1226,48
1226,167
1226,521
1227,184
1227,535
1227,1451
1227,312
1227,3
1227,74
1227,900
1227,971
1227,739
1227,654
1228,184
1228,11
1228,858
1228,12
1228,312
1228,900
1228,51
1228,317
1228,87
1228,702
1229,468
1229,405
1229,96
1229,104
1229,980
1229,1129
1229,769
1229,739
1229,1244
1229,654
1230,1461
1230,1219
1230,184
1230,96
1230,92
1230,312
1230,397
1230,4
1230,547
1230,1129
1231,513
1231,540
1231,894
1231,154
1231,658
1231,168
1231,1059
1231,704
1231,515
1231,156
1232,191
1232,11
1232,185
1232,507
1232,13
1232,956
1232,1451
1232,1059
1232,372
1232,1462
1233,1219
1233,185
1233,1463
1233,66
1233,488
1233,51
1233,1237
1233,1464
1233,1465
1233,1434
1234,185
1234,798
1234,646
1234,300
1234,72
1234,74
1234,1466
1234,709
1234,520
1234,1467
1235,1468
1235,627
1235,1463
1235,1469
1235,1451
1235,135
1235,66
1235,18
1235,1444
1235,121
1236,142
1236,1106
1236,858
1236,689
1236,372
1236,288
1236,1454
1236,289
1236,1443
1236,1439
1237,122
1237,13
1237,345
1237,857
1237,1444
1237,678
1237,45
1237,1470
1237,1471
1237,1434
1238,185
1238,858
1238,405
1238,96
1238,345
1238,576
1238,288
1238,816
1238,1454
1238,1439
1239,185
1239,26
1239,41
1239,13
1239,96
1239,100
1239,374
1239,101
1239,74
1239,317
1240,185
1240,96
1240,501
1240,42
1240,92
1240,1059
1240,881
1240,48
1240,317
1240,121
1241,168
1241,508
1241,279
1241,704
1241,530
1241,574
1241,1436
1241,160
1241,157
1241,1472
1242,1058
1242,858
1242,28
1242,46
1242,312
1242,4
1242,1456
1242,317
1242,1457
1242,1473
1243,143
1243,858
1243,1428
1243,13
1243,501
1243,46
1243,372
1243,51
1243,576
1243,317
1244,185
1244,91
1244,109
1244,46
1244,1371
1244,288
1244,317
1244,1457
1244,549
1244,739
1245,143
1245,199
1245,103
1245,548
1245,1166
1245,1474
1245,1436
1245,317
1245,654
1245,1475
1246,96
1246,46
1246,689
1246,718
1246,186
1246,980
1246,1456
1246,317
1246,1272
1246,521
1247,90
1247,1453
1247,13
1247,46
1247,881
1247,856
1247,74
1247,317
1247,1476
1247,1477
1248,46
1248,16
1248,530
1248,532
1248,1436
1248,1478
1248,317
1248,1437
1248,1479
1248,1480
1249,185
1249,96
1249,583
1249,718
1249,5
1249,1481
1249,1466
1249,547
1249,1272
1249,1482
1250,26
1250,880
1250,495
1250,859
1250,862
1250,1483
1250,1354
1250,514
1251,1484
1251,751
1251,883
1251,822
1251,1485
1251,680
1251,1151
1251,1486
1252,19
1252,746
1252,725
1252,646
1252,1147
1252,1378
1252,435
1252,1487
1253,122
1253,396
1253,659
1253,822
1253,1488
1253,847
1253,1342
1253,1489
1254,1309
1254,858
1254,1490
1254,1491
1254,1492
1254,568
1254,1151
1254,43
1255,651
1255,227
1255,495
1255,1493
1255,229
1255,1492
1255,1494
1256,871
1256,708
1256,491
1256,858
1256,538
1256,1147
1256,1488
1257,651
1257,639
1257,1495
1257,463
1257,495
1257,223
1257,1491
1258,541
1258,472
1258,1376
1258,463
1258,495
1258,747
1258,674
1259,122
1259,1496
1259,746
1259,1492
1259,1497
1259,1265
1259,1498
1259,1499
1260,1500
1260,639
1260,227
1260,495
1260,863
1260,1498
1261,310
1261,1501
1261,882
1261,814
1261,1491
1261,374
1261,909
1261,1497
1262,1135
1262,785
1262,657
1262,472
1262,882
1262,1502
1263,431
1263,855
1263,247
1263,108
1263,1503
1263,1504
1263,1492
1263,1497
1263,891
1263,1498
1264,398
1264,383
1264,567
1264,446
1264,1077
1264,1505
1264,1506
1265,495
1265,1155
1265,1147
1265,120
1265,515
1265,189
1266,1507
1266,491
1266,1068
1266,870
1266,1293
1266,878
1266,1508
1266,1509
1267,263
1267,1255
1267,651
1267,786
1267,741
1267,1491
1267,1492
1267,1502
1268,1510
1268,151
1268,491
1268,26
1268,119
1268,1492
1268,73
1268,74
1269,854
1269,191
1269,1511
1269,842
1269,1147
1270,815
1270,1376
1270,227
1270,881
1270,809
1270,909
1270,1512
1271,715
1271,1513
1271,1514
1271,1515
1271,1516
1272,900
1272,901
1272,790
1272,1517
1272,1514
1272,1515
1273,715
1273,1518
1273,1514
1273,1519
1273,1515
1273,1520
1273,1521
1273,1516
1274,904
1274,57
1274,790
1274,1520
1274,1521
1274,1516
1275,41
1275,904
1275,51
1275,745
1275,790
1275,1518
1275,1519
1275,1521
1275,1516
1276,119
1276,697
1276,1454
1276,1522
1277,514
1277,715
1277,313
1277,790
1277,1514
1277,1515
1277,1516
1277,1523
1278,715
1278,1518
1278,1519
1278,1515
1278,1516
1279,505
1279,1524
1279,703
1279,716
1280,104
1280,900
1280,911
1280,901
1280,1514
1280,1515
1281,663
1281,904
1281,373
1281,790
1281,1518
1281,1519
1281,1521
1282,698
1282,790
1282,1514
1282,1515
1282,1516
1283,168
1283,397
1283,313
1283,816
1283,1525
1283,1526
1283,1516
1283,1523
1284,793
1284,697
1284,514
1284,189
1284,790
1284,1515
1285,589
1285,621
1285,696
1285,715
1285,790
1285,1515
1286,904
1286,373
1286,372
1286,790
1286,1519
1286,1521
1286,1516
1287,104
1287,715
1287,1527
1287,790
1287,1514
1287,1515
1288,621
1288,790
1288,1528
1288,1514
1288,1515
1288,1516
1289,621
1289,1082
1289,715
1289,1529
1289,1519
1289,1521
1289,1516
1289,1530
1290,1531
1290,819
1290,1454
1290,1515
1291,715
1291,716
1291,1532
1292,373
1292,168
1292,697
1292,726
1292,514
1292,313
1292,1454
1292,1526
1292,1516
1292,1523
1293,1124
1293,168
1293,131
1293,498
1293,715
1293,1514
1293,1523
1294,1533
1294,790
1294,1514
1294,1515
1295,279
1295,272
1296,696
1296,697
1296,790
1296,1515
1297,1531
1297,1515
1298,589
1298,696
1298,715
1298,1454
1298,790
1298,1515
1299,1534
1299,715
1299,1535
1299,1532
1299,1536
1299,1537
1299,1538
1299,1519
1300,904
1300,373
1300,1172
1300,66
1300,715
1301,697
1301,715
1301,1539
1301,1513
1302,822
1302,697
1302,715
1303,904
1303,505
1303,563
1303,756
1303,697
1304,648
1304,697
1304,514
1304,1515
1305,563
1305,726
1305,698
1305,1540
1306,1534
1306,715
1306,1540
1307,715
1307,1525
1307,1541
1307,1536
1307,1542
1307,1543
1307,1537
1307,1544
1307,1538
1307,1519
1308,439
1308,1124
1308,697
1308,715
1308,1531
1308,189
1308,1515
1309,66
1309,715
1309,1515
1310,716
1311,1545
1311,1534
1311,715
1312,563
1312,1539
1313,904
1313,563
1313,373
1313,726
1313,66
1314,1128
1314,1124
1314,505
1314,822
1314,697
1315,373
1315,689
1315,697
1315,1466
1315,698
1315,795
1316,699
1316,1241
1316,904
1316,1546
1316,1547
1316,1405
1316,861
1317,110
1317,673
1317,1394
1317,1548
1317,1147
1317,1405
1317,840
1318,1547
1318,1147
1318,840
1318,1381
1318,1549
1318,1550
1319,26
1319,879
1319,665
1319,1147
1319,73
1319,316
1319,1551
1320,550
1320,25
1320,1371
1320,741
1320,1552
1320,219
1320,1405
1321,1128
1321,695
1321,747
1321,1394
1321,863
1321,1552
1321,1405
1321,860
1321,1156
1322,648
1322,592
1322,463
1322,880
1322,538
1322,1372
1322,840
1322,572
1323,747
1323,886
1323,879
1323,1547
1323,1405
1323,840
1323,909
1324,1135
1324,657
1324,1376
1324,786
1324,886
1325,191
1325,1376
1325,152
1325,94
1325,673
1325,572
1325,482
1326,1553
1326,786
1326,710
1326,1371
1326,1547
1326,1552
1326,135
1326,1405
1326,869
1327,1138
1327,467
1327,859
1327,840
1327,1554
1328,1
1328,110
1328,747
1328,169
1328,1405
1328,602
1329,184
1329,1555
1329,1556
1329,1028
1329,941
1329,1082
1329,1557
1329,809
1329,1558
1329,1029
1330,195
1330,1555
1330,1556
1330,196
1330,941
1330,809
1330,1559
1330,1560
1330,1561
1330,1562
1331,805
1331,1563
1331,941
1331,1256
1331,203
1331,1564
1331,745
1331,1559
1331,950
1331,1565
1332,1566
1332,1567
1332,1568
1332,1569
1332,1570
1332,1571
1332,1572
1332,1573
1332,1574
1332,1575
1333,1576
1333,1566
1333,1441
1333,1556
1333,941
1333,809
1333,1570
1333,1577
1333,1574
1333,1578
1334,552
1334,1579
1334,1580
1334,1581
1334,1582
1334,1054
1334,1583
1334,1584
1334,1585
1334,1586
1335,195
1335,1556
1335,898
1335,941
1335,809
1335,1587
1335,1588
1335,1589
1335,942
1335,1020
1336,898
1336,1590
1336,1591
1336,1592
1336,1043
1336,602
1336,1593
1336,1594
1336,943
1336,1561
1337,1595
1337,1556
1337,729
1337,1590
1337,941
1337,809
1337,1596
1337,912
1337,1593
1337,1594
1338,1597
1338,1598
1338,1590
1338,1599
1338,942
1338,1020
1338,1600
1338,1601
1338,1602
1338,1603
1339,1555
1339,1604
1339,809
1339,1605
1339,964
1339,1593
1339,1594
1339,943
1339,1606
1339,1607
1340,1595
1340,1555
1340,1563
1340,1598
1340,1605
1340,1608
1340,1594
1340,1609
1340,1603
1340,1610
1341,1611
1341,1612
1341,1580
1341,1613
1341,1614
1341,1615
1341,1604
1341,1616
1341,1602
1341,1617
1342,1618
1342,1619
1342,1605
1342,1592
1342,1620
1342,1621
1342,1602
1342,1622
1342,1623
1342,1624
1343,1597
1343,1595
1343,1555
1343,1590
1343,1625
1343,1626
1343,1604
1343,756
1343,1594
1343,1617
1344,805
1344,103
1344,1595
1344,1555
1344,1627
1344,174
1344,809
1344,1141
1344,1628
1344,1562
1345,1566
1345,1629
1345,1598
1345,1630
1345,1631
1345,1572
1345,1632
1345,1633
1345,1634
1345,1635
1346,1595
1346,1555
1346,1636
1346,1637
1346,1638
1346,1639
1346,1560
1346,1640
1346,1641
1346,1642
1347,1643
1347,1566
1347,1629
1347,1636
1347,1571
1347,1572
1347,1594
1347,1644
1347,1645
1347,1633
1348,1037
1348,737
1348,1646
1348,1647
1348,1648
1348,1649
1348,1600
1348,1650
1348,1651
1348,1652
1349,1653
1349,1654
1349,1655
1349,1656
1349,1657
1349,1658
1349,1659
1349,943
1349,1660
1349,1661
1350,1662
1350,1605
1350,1631
1350,1663
1350,1664
1350,1633
1350,1602
1350,1634
1350,1635
1350,1665
1351,290
1351,1555
1351,373
1351,1666
1351,1667
1351,1668
1351,1669
1351,1670
1351,1632
1351,1642
1352,1671
1352,1672
1352,1586
1352,1673
1352,1674
1352,1675
1352,1676
1352,1677
1352,1678
1352,1679
1353,1680
1353,1648
1353,1600
1353,1681
1353,1682
1353,1683
1353,1684
1353,1685
1353,1686
1353,1687
1354,1597
1354,1688
1354,1689
1354,1690
1354,1691
1354,1692
1354,1693
1354,1632
1354,1694
1354,1695
1355,1566
1355,1284
1355,1648
1355,1696
1355,1697
1355,1600
1355,1698
1355,1650
1355,1699
1355,1700
1356,1690
1356,1701
1356,1641
1356,1702
1356,1703
1356,1704
1356,1705
1356,1706
1356,1707
1356,1708
1357,1709
1357,1710
1357,1711
1357,1648
1357,1649
1357,1712
1357,1592
1357,1600
1357,963
1357,1713
1358,1595
1358,1714
1358,1715
1358,369
1358,1716
1358,1567
1358,1717
1358,1718
1358,1719
1358,1720
1359,1555
1359,1605
1359,1008
1359,1600
1359,1721
1359,1632
1359,1602
1359,1623
1359,1624
1359,1665
1360,195
1360,919
1360,1604
1360,1715
1360,1690
1360,1668
1360,1722
1360,1723
1360,1632
1360,1012
1361,1597
1361,1555
1361,1689
1361,1724
1361,1008
1361,1725
1361,1632
1361,1726
1361,1694
1361,1635
1362,552
1362,1579
1362,1580
1362,1581
1362,1582
1362,1054
1362,1583
1362,1584
1362,1585
1362,1586
1363,1566
1363,919
1363,1580
1363,1727
1363,1598
1363,1572
1363,1594
1363,1728
1363,1729
1363,1635
1364,939
1364,1730
1364,1731
1364,1732
1364,1733
1364,1734
1364,1735
1364,1721
1364,1602
1364,1736
1365,1597
1365,1595
1365,1555
1365,1689
1365,1692
1365,1722
1365,1693
1365,943
1365,1725
1365,1632
1366,513
1366,1597
1366,1595
1366,1555
1366,1689
1366,1724
1366,174
1366,1737
1366,903
1366,1738
1367,552
1367,1555
1367,908
1367,1256
1367,1739
1367,1141
1367,1605
1367,1725
1367,1623
1367,1624
1368,14
1368,1566
1368,196
1368,174
1368,1668
1368,1723
1368,1663
1368,1012
1368,1728
1368,1635
1369,184
1369,523
1369,1441
1369,1556
1369,941
1369,1008
1369,1740
1369,910
1369,1725
1369,1741
1370,1566
1370,1555
1370,1556
1370,1590
1370,809
1370,1742
1370,1743
1370,1632
1370,1744
1370,1635
1371,1597
1371,1555
1371,1745
1371,1689
1371,1599
1371,1592
1371,1570
1371,1574
1371,1602
1371,1665
1372,1566
1372,1555
1372,1689
1372,1284
1372,1746
1372,1600
1372,1747
1372,1748
1372,1749
1372,1750
1373,1566
1373,1460
1373,1745
1373,1746
1373,1605
1373,1751
1373,1752
1373,1632
1373,1663
1373,1635
1374,1595
1374,1715
1374,1141
1374,1605
1374,1722
1374,1723
1374,1717
1374,1632
1374,1726
1374,1012
1375,1553
1375,1597
1375,1590
1375,1689
1375,1753
1375,1754
1375,1619
1375,1592
1375,1737
1375,1755
1376,1688
1376,1556
1376,1756
1376,1711
1376,1757
1376,950
1376,1642
1376,1565
1376,1758
1376,1741
1377,1566
1377,1759
1377,1563
1377,174
1377,1564
1377,1648
1377,1696
1377,273
1377,1760
1377,1700
1378,513
1378,1556
1378,941
1378,1667
1378,1630
1378,1631
1378,1761
1378,1762
1378,1763
1378,1634
1379,552
1379,972
1379,1604
1379,1715
1379,809
1379,1716
1379,1605
1379,1593
1379,1632
1379,1764
1380,1765
1380,1556
1380,1766
1380,127
1380,809
1380,1767
1380,1008
1380,1761
1380,768
1380,1632
1381,1556
1381,1768
1381,1604
1381,1605
1381,1600
1381,1594
1381,1749
1381,1769
1381,1642
1381,1606
1382,1555
1382,1556
1382,1667
1382,809
1382,1592
1382,745
1382,1632
1382,1728
1382,1642
1382,1741
1383,1597
1383,1595
1383,1556
1383,898
1383,1590
1383,1689
1383,1604
1383,1722
1383,1632
1383,1770
1384,1771
1384,1772
1384,1646
1384,1773
1384,1774
1384,1648
1384,1600
1384,1775
1384,1640
1384,1652
1385,1566
1385,1776
1385,1037
1385,1777
1385,1655
1385,1778
1385,1779
1385,1780
1385,1781
1385,1782
1386,1680
1386,1777
1386,1783
1386,1784
1386,1785
1386,1558
1386,1632
1386,1786
1386,1787
1386,1788
1387,1789
1387,1790
1387,1667
1387,1791
1387,1558
1387,1641
1387,1786
1387,1792
1387,1793
1387,1708
1388,1794
1388,1555
1388,1795
1388,1796
1388,1797
1388,1798
1388,1594
1388,1799
1388,1800
1388,1617
1389,1643
1389,824
1389,1801
1389,1802
1389,1803
1389,1035
1389,1641
1389,1804
1389,1703
1389,1805
1390,1612
1390,1789
1390,1777
1390,1806
1390,1807
1390,1648
1390,1808
1390,1785
1390,1809
1390,1810
1391,965
1391,731
1391,908
1391,1037
1391,543
1391,583
1391,1756
1391,1777
1391,1114
1391,1778
1392,405
1392,1555
1392,1811
1392,1756
1392,1812
1392,1785
1392,1594
1392,1813
1392,1602
1392,1617
1393,1814
1393,1815
1393,1777
1393,1816
1393,1791
1393,1817
1393,1818
1393,1605
1393,1717
1393,1819
1394,1789
1394,1028
1394,1604
1394,1777
1394,1816
1394,809
1394,1717
1394,1820
1394,1705
1394,1821
1395,122
1395,758
1395,1822
1395,203
1395,1823
1395,745
1395,763
1395,1824
1395,1825
1395,1826
1396,1135
1396,373
1396,436
1396,758
1396,744
1396,1739
1396,726
1396,683
1396,1827
1396,1824
1397,758
1397,1795
1397,1828
1397,762
1397,1827
1397,1829
1397,1824
1397,1830
1397,1831
1397,1832
1398,1135
1398,785
1398,462
1398,463
1398,744
1398,279
1398,1833
1398,745
1398,1834
1398,1824
1399,127
1399,1835
1399,1836
1399,1837
1399,1838
1399,1839
1399,1840
1399,1841
1399,1842
1399,1843
1400,14
1400,1828
1400,1844
1400,1839
1400,1845
1400,1846
1400,1842
1400,1824
1400,1843
1400,1831
1401,1847
1401,1848
1401,1828
1401,1844
1401,1837
1401,1839
1401,1845
1401,1846
1401,1824
1401,1843
1402,1849
1402,1833
1402,1837
1402,1850
1402,1839
1402,1851
1402,1842
1402,1824
1402,1852
1402,1853
1403,758
1403,197
1403,1854
1403,983
1403,1827
1403,1837
1403,1839
1403,1842
1403,1824
1403,1826
1404,21
1404,1855
1404,1856
1404,1837
1404,1839
1404,1857
1404,1842
1404,1858
1404,1824
1404,1831
1405,1859
1405,1587
1405,1828
1405,1844
1405,1860
1405,1845
1405,1861
1405,1846
1405,1862
1405,1863
1406,537
1406,1501
1406,215
1406,1828
1406,189
1406,1837
1406,1839
1406,1845
1406,1846
1406,1864
1407,919
1407,914
1407,915
1407,1860
1407,1837
1407,1839
1407,1845
1407,1842
1407,1824
1407,1843
1408,1833
1408,1856
1408,1840
1408,1857
1408,1865
1408,1866
1408,1846
1408,1842
1408,1858
1408,1852
1409,174
1409,1867
1409,768
1409,1838
1409,1850
1409,1868
1409,1839
1409,1840
1409,1842
1409,1843
1410,537
1410,1501
1410,1053
1410,749
1410,1828
1410,1837
1410,1839
1410,1845
1410,1846
1410,1869
1411,1166
1411,1733
1411,1860
1411,1837
1411,1839
1411,1842
1411,1824
1411,1843
1411,1870
1411,1871
1412,1872
1412,174
1412,1767
1412,1346
1412,1827
1412,1837
1412,1838
1412,1839
1412,1845
1412,1842
1413,983
1413,1873
1413,1874
1413,1875
1413,1876
1413,1837
1413,1839
1413,1842
1413,1824
1413,1843
1414,758
1414,759
1414,174
1414,629
1414,745
1414,1827
1414,1876
1414,1877
1414,1824
1414,1878
1415,1879
1415,1880
1415,1867
1415,1837
1415,1838
1415,1839
1415,1840
1415,1841
1415,1842
1415,1824
1416,1881
1416,1833
1416,1478
1416,1827
1416,1882
1416,1867
1416,1838
1416,1843
1416,1869
1416,1883
1417,758
1417,941
1417,809
1417,1779
1417,1846
1417,1884
1417,1824
1417,1852
1417,1885
1417,1886
1418,941
1418,1779
1418,1743
1418,1837
1418,1838
1418,1842
1418,1824
1418,1843
1418,1887
1418,1886
1419,1828
1419,1875
1419,1767
1419,745
1419,1735
1419,1860
1419,1837
1419,1839
1419,1842
1419,1843
1420,1879
1420,1888
1420,827
1420,1889
1420,1041
1420,1837
1420,1839
1420,1845
1420,1842
1420,1843
1421,1848
1421,1478
1421,1827
1421,1890
1421,1837
1421,1838
1421,1839
1421,1842
1421,1824
1421,1863
1422,122
1422,1854
1422,827
1422,1837
1422,1839
1422,1842
1422,1824
1422,1843
1422,1891
1422,1892
1423,758
1423,1893
1423,809
1423,942
1423,602
1423,745
1423,1827
1423,763
1423,1824
1423,1831
1424,1879
1424,1894
1424,1767
1424,1346
1424,1837
1424,1839
1424,1842
1424,1895
1424,1824
1424,1863
1425,977
1425,1848
1425,1478
1425,1827
1425,1867
1425,1837
1425,1868
1425,1839
1425,1842
1425,1843
1426,744
1426,629
1426,836
1426,686
1426,189
1426,745
1426,1827
1426,763
1426,1824
1426,1896
1427,1897
1427,1854
1427,827
1427,1021
1427,1837
1427,1839
1427,1842
1427,1824
1427,1843
1427,1898
1428,1899
1428,1833
1428,1900
1428,1837
1428,1838
1428,1839
1428,1842
1428,1824
1428,1843
1428,1901
1429,197
1429,1783
1429,519
1429,1827
1429,1837
1429,1838
1429,1839
1429,1902
1429,1842
1429,1824
1430,758
1430,683
1430,320
1430,1903
1430,1904
1430,1837
1430,1839
1430,1842
1430,1824
1430,1843
1431,1814
1431,1837
1431,1838
1431,1839
1431,1842
1431,1843
1431,1905
1431,1906
1431,1907
1431,1908
1432,127
1432,1860
1432,1909
1432,1839
1432,1865
1432,1866
1432,1846
1432,1862
1432,1842
1432,1843
1433,1879
1433,1783
1433,827
1433,1021
1433,922
1433,1837
1433,1839
1433,1842
1433,1824
1433,1843
1434,1252
1434,744
1434,203
1434,174
1434,760
1434,745
1434,1827
1434,763
1434,1824
1434,1831
1435,119
1435,758
1435,744
1435,120
1435,203
1435,508
1435,745
1435,1876
1435,1824
1435,1831
1436,1556
1436,941
1436,172
1436,1568
1436,1903
1436,1620
1436,1904
1436,1839
1436,1824
1436,1886
1437,941
1437,1568
1437,1779
1437,1837
1437,1838
1437,1839
1437,1865
1437,1842
1437,1843
1437,1886
1438,898
1438,1814
1438,1910
1438,1904
1438,1732
1438,1837
1438,1839
1438,1842
1438,1824
1438,1843
1439,758
1439,1166
1439,519
1439,809
1439,942
1439,745
1439,1827
1439,1824
1439,1911
1439,1831
1440,758
1440,203
1440,1783
1440,174
1440,1912
1440,602
1440,745
1440,1827
1440,1824
1440,1831
1441,1854
1441,1875
1441,942
1441,1735
1441,1860
1441,1837
1441,1839
1441,1842
1441,1843
1441,1870
1442,1913
1442,1822
1442,446
1442,1914
1442,1848
1442,1478
1442,1850
1442,1846
1442,1851
1442,1864
1443,1302
1443,1882
1443,1915
1443,1837
1443,1916
1443,1850
1443,1839
1443,1917
1443,1851
1443,1853
1444,1833
1444,1918
1444,1837
1444,1919
1444,1850
1444,1839
1444,1917
1444,1840
1444,1842
1444,1920
1445,1850
1445,1917
1445,1862
1445,1921
1445,1922
1445,1923
1445,1924
1445,1925
1445,1907
1445,1926
1446,127
1446,1837
1446,1850
1446,1839
1446,1846
1446,1862
1446,1842
1446,1927
1446,1883
1446,1928
1447,1929
1447,1930
1447,1931
1447,1932
1447,1933
1447,1934
1447,1935
1447,1936
1447,1937
1447,1938
1448,172
1448,127
1448,1767
1448,1860
1448,1845
1448,1865
1448,1842
1448,1853
1448,1939
1448,1940
1449,667
1449,1941
1449,1779
1449,1942
1449,1837
1449,1838
1449,1839
1449,1842
1449,1943
1449,1944
1450,179
1450,657
1450,674
1450,249
1450,1879
1450,156
1450,1945
1450,1946
1450,1947
1451,1941
1451,1948
1451,1949
1451,1890
1451,1950
1451,1868
1451,1842
1451,1925
1451,1951
1451,1952
1452,1953
1452,1954
1452,1955
1452,1956
1452,1957
1452,1936
1452,1937
1452,1958
1452,1959
1452,1960
1453,1866
1453,1955
1453,1956
1453,1961
1453,1962
1453,1963
1453,1964
1453,1965
1453,1966
1453,1967
1454,1968
1454,1953
1454,1969
1454,1866
1454,1955
1454,1970
1454,1971
1454,1972
1454,1959
1454,1940
1455,227
1455,215
1455,249
1455,204
1455,172
1455,127
1455,1837
1455,1868
1455,1925
1455,1951
1456,1973
1456,680
1456,1478
1456,1974
1456,1850
1456,1851
1456,1975
1456,1853
1456,1976
1456,1947
1457,1977
1457,1978
1457,1979
1457,1980
1457,1833
1457,1974
1457,1850
1457,1851
1457,1864
1457,1981
1458,1982
1458,161
1458,1983
1458,1973
1458,148
1458,1059
1458,665
1458,1979
1458,1914
1458,1853
1459,21
1459,646
1459,1890
1459,1919
1459,1845
1459,1865
1459,1866
1459,1846
1459,1957
1459,1984
1460,589
1460,1059
1460,836
1460,762
1460,1985
1460,1884
1460,1986
1460,1824
1460,1852
1460,1987
1461,1988
1461,541
1461,463
1461,744
1461,1989
1461,572
1461,760
1461,836
1461,1864
1461,1990
1462,21
1462,119
1462,42
1462,215
1462,249
1462,1991
1462,1992
1462,744
1462,1845
1462,1984
1463,306
1463,21
1463,1556
1463,1914
1463,1833
1463,1949
1463,1917
1463,1853
1463,1947
1463,1993
1464,306
1464,42
1464,1556
1464,1991
1464,204
1464,15
1464,1564
1464,950
1464,1889
1464,1994
1465,306
1465,1141
1465,1995
1465,86
1465,1850
1465,1851
1465,1864
1465,1996
1465,1853
1465,1947
1466,758
1466,744
1466,120
1466,203
1466,1564
1466,942
1466,745
1466,1997
1466,1824
1466,1825
1467,1629
1467,1914
1467,1783
1467,1779
1467,1889
1467,1850
1467,1996
1467,1998
1467,1925
1467,1999
1468,42
1468,249
1468,1991
1468,1054
1468,1945
1468,1346
1468,2000
1468,1890
1468,1996
1468,1990
1469,977
1469,809
1469,667
1469,1903
1469,1620
1469,1904
1469,1843
1469,1996
1469,2001
1469,1886
1470,46
1470,758
1470,759
1470,1739
1470,174
1470,1876
1470,951
1470,1877
1470,1824
1470,1896
1471,758
1471,1848
1471,1346
1471,1176
1471,2002
1471,1827
1471,1620
1471,1844
1471,1846
1471,1927
1472,2003
1472,2004
1472,2005
1472,2006
1472,2007
1472,2008
1472,2009
1472,2010
1473,2011
1473,2012
1473,2013
1473,2014
1473,2015
1473,2016
1473,2017
1473,2018
1473,2019
1473,2020
1474,2005
1474,2021
1475,2022
1475,2023
1475,2012
1475,2013
1475,2024
1475,2016
1475,2025
1475,2026
1475,2027
1475,2028
1476,2029
1476,2030
1476,2016
1476,2031
1476,2032
1476,2033
1476,2019
1476,2028
1476,2034
1476,2035
1477,2023
1477,2036
1477,2037
1477,2038
1477,2019
1477,2010
1477,2039
1478,2040
1478,2041
1478,2042
1478,2043
1478,2044
1478,2045
1478,2019
1478,2046
1478,2047
1478,2048
1479,2023
1479,2049
1479,2050
1479,2051
1479,2052
1479,2053
1479,2054
1479,2055
1479,2056
1479,2057
1480,2058
1480,2059
1480,2060
1480,2013
1480,2016
1480,2019
1481,819
1481,2061
1481,2062
1481,2063
1481,2051
1481,2064
1481,2065
1481,2066
1481,2067
1481,2068
1482,2069
1482,1768
1482,2070
1482,2071
1482,2063
1482,2072
1482,2073
1482,2051
1482,2074
1482,2075
1483,2076
1483,462
1483,467
1483,1768
1483,703
1483,2063
1483,2072
1483,2051
1484,2077
1484,1847
1484,2070
1484,2078
1484,2079
1484,2064
1484,2074
1484,2080
1484,2081
1484,2082
1485,2083
1485,2084
1485,2063
1485,2085
1485,2064
1485,2065
1485,2086
1485,2087
1485,2082
1485,2088
1486,2076
1486,1768
1486,2063
1486,2089
1486,2090
1486,2091
1486,2092
1486,2093
1486,2094
1486,2095
1487,2077
1487,2096
1487,1768
1487,760
1487,1564
1487,2097
1487,2098
1487,2099
1487,2082
1487,2100
1488,2077
1488,1709
1488,1768
1488,2101
1488,2102
1488,2103
1488,2104
1488,2105
1488,2106
1488,2082
1489,2063
1489,1834
1489,2107
1489,2108
1489,2051
1489,2109
1489,2110
1489,2066
1489,2111
1489,2112
1490,2076
1490,2113
1490,2114
1490,2063
1490,2115
1490,2022
1490,2074
1490,2116
1490,2117
1490,2094
1491,2076
1491,1768
1491,726
1491,2113
1491,2063
1491,2108
1491,2074
1491,2118
1491,2116
1491,2119
1492,2076
1492,2120
1492,92
1492,2121
1492,2122
1492,441
1492,2022
1492,2123
1492,2124
1493,2069
1493,2077
1493,1768
1493,2125
1493,1724
1493,2102
1493,2126
1493,2087
1493,2127
1493,2128
1494,2129
1494,1768
1494,369
1494,1564
1494,2130
1494,2063
1494,2131
1494,2132
1494,2087
1494,2133
1495,1783
1495,2134
1495,915
1495,2135
1495,2126
1495,2087
1495,2127
1495,2128
1495,2136
1495,2137
1496,2076
1496,2113
1496,2138
1496,2022
1496,2123
1496,2139
1496,2140
1496,2134
1496,2087
1496,2141
1497,2061
1497,2142
1497,2143
1497,2144
1497,2145
1497,2146
1497,2147
1497,2148
1497,2149
1497,2088
1498,2084
1498,1768
1498,2102
1498,2063
1498,2142
1498,2150
1498,2151
1498,2075
1498,2152
1498,2088
1499,2083
1499,1777
1499,2153
1499,2073
1499,2154
1499,2124
1499,2065
1499,2155
1499,2088
1499,2156
1500,2069
1500,2157
1500,2158
1500,2159
1500,2142
1500,2143
1500,2160
1500,2144
1500,2161
1500,2162
1501,2114
1501,2063
1501,2115
1501,2163
1501,2073
1501,2164
1501,2074
1501,2094
1501,2165
1501,2166
1502,1768
1502,2102
1502,2167
1502,1120
1502,2063
1502,2078
1502,2052
1502,2074
1502,2168
1502,2169
1503,2170
1503,1768
1503,2143
1503,2151
1503,2162
1503,1820
1503,2171
1503,2065
1503,2092
1503,2172
1504,2125
1504,312
1504,2138
1504,2022
1504,2134
1504,2124
1504,2074
1504,2087
1504,2141
1504,2136
1505,1768
1505,2102
1505,2143
1505,2078
1505,2173
1505,2124
1505,2106
1505,2174
1505,2155
1505,2175
1506,2176
1506,2177
1506,2178
1506,2106
1506,2179
1506,2180
1506,2181
1506,2067
1506,2182
1506,2183
1507,2083
1507,2084
1507,2184
1507,2142
1507,2151
1507,2064
1507,2171
1507,2075
1507,2080
1507,2090
1508,2077
1508,2185
1508,1768
1508,2157
1508,2102
1508,1120
1508,2186
1508,2187
1508,2082
1508,2188
1509,580
1509,1978
1509,33
1509,2189
1509,2190
1509,65
1509,1423
1509,873
1509,2191
1509,2192
1510,28
1510,886
1510,876
1510,1419
1510,2193
1510,65
1510,1423
1510,2194
1511,1977
1511,1978
1511,876
1511,2190
1511,65
1511,1423
1511,2195
1511,35
1511,873
1511,2196
1512,438
1512,656
1512,161
1512,550
1512,624
1512,26
1512,880
1512,110
1512,2197
1512,2198
1513,2199
1513,154
1513,180
1513,1423
1513,156
1513,292
1514,2200
1514,1412
1514,858
1514,2193
1514,65
1514,1423
1514,2194
1514,128
1514,75
1514,2201
1515,714
1515,541
1515,1255
1515,1419
1515,2202
1515,180
1515,1423
1515,448
1515,2203
1515,2204
1516,1138
1516,467
1516,169
1516,1394
1516,279
1516,441
1516,2205
1517,1546
1517,2206
1517,2207
1518,2208
1518,2209
1518,2210
1519,1376
1519,2211
1519,859
1519,860
1520,263
1520,310
1520,2212
1520,2213
1520,1509
1521,2214
1521,2199
1521,1546
1522,263
1522,2212
1522,2211
1523,396
1523,853
1523,1546
1524,1546
1524,692
1525,227
1525,1546
1525,300
1525,2215
1526,657
1526,221
1526,1546
1526,838
1527,1097
1527,857
1528,396
1528,804
1528,786
1528,1451
1528,1546
1529,2216
1529,2217
1530,310
1530,2218
1530,2219
1531,580
1531,1097
1531,897
1532,1171
1532,65
1532,891
1532,2220
1533,2221
1533,1419
1533,895
1533,1411
1534,580
1534,1461
1534,2222
1535,2223
1535,865
1535,2224
1535,2225
1536,1507
1536,2226
1536,883
1536,568
1536,2227
1536,2228
1537,227
1537,2222
1537,883
1537,2229
1537,2230
1537,2231
1538,1419
1539,580
1539,841
1540,2232
1540,165
1540,2233
1541,221
1541,1453
1541,148
1541,1546
1541,732
1542,894
1542,1412
1542,701
1543,580
1543,1368
1543,865
1543,2234
1543,2235
1543,2236
1544,1546
1545,59
1545,1385
1545,1546
1545,1242
1546,2237
1547,1255
1547,651
1547,814
1547,741
1548,310
1548,1339
1548,1090
1548,538
1548,1551
1548,1890
1549,2238
1549,692
1549,2220
1550,874
1550,447
1550,151
1550,853
1550,741
1550,844
1551,1461
1551,840
1551,694
1551,359
1552,310
1552,1058
1552,2226
1552,1973
1552,1097
1552,853
1552,2239
1553,1461
1553,1412
1553,1394
1553,1451
1553,2240
1554,638
1554,842
1554,2190
1554,2241
1555,1461
1555,1394
1555,741
1555,1419
1555,2242
1555,1415
1555,2243
1556,221
1556,247
1556,741
1556,1419
1556,692
1557,59
1557,538
1557,692
1558,2240
1558,2244
1558,2245
1559,638
1559,495
1559,853
1560,2246
1560,2247
1560,2248
1561,59
1561,2249
1562,2242
1562,2250
1562,2251
1562,2245
1563,883
1563,2252
1563,2245
1564,874
1564,853
1564,741
1564,1546
1564,840
1564,1354
1564,2253
1565,2214
1565,1546
1565,2240
1566,1045
1566,659
1566,2222
1566,2240
1567,2222
1567,1551
1568,2254
1568,1306
1568,2255
1568,2218
1568,2256
1569,2218
1570,2254
1570,300
1570,2257
1570,2258
1570,2224
1571,1097
1571,879
1571,300
1571,2259
1571,2218
1572,1128
1572,663
1572,2260
1572,2261
1572,1815
1572,279
1572,760
1572,111
1572,2262
1572,2263
1573,306
1573,1014
1573,1879
1573,197
1573,1914
1573,2264
1573,2265
1573,2266
1573,2267
1573,2268
1574,874
1574,751
1574,223
1574,2269
1574,686
1574,1902
1574,1895
1574,1864
1574,1990
1574,2268
1575,21
1575,919
1575,2270
1575,1739
1575,1848
1575,15
1575,1767
1575,1769
1575,1925
1575,2271
1576,556
1576,42
1576,196
1576,2272
1576,751
1576,718
1576,15
1576,1990
1576,1925
1576,2268
1577,249
1577,204
1577,718
1577,2273
1577,2270
1577,1848
1577,824
1577,1767
1577,1638
1577,763
1578,675
1578,1604
1578,1618
1578,2274
1578,1945
1578,2275
1578,1769
1578,2276
1578,2262
1578,1925
1579,195
1579,204
1579,718
1579,197
1579,174
1579,2265
1579,914
1579,1638
1579,1925
1579,2268
1580,2277
1580,2269
1580,2278
1580,1873
1580,2279
1580,2262
1580,2280
1580,2281
1580,2282
1580,2283
1581,2284
1581,2285
1581,697
1581,1894
1581,2286
1581,2287
1581,2288
1581,2262
1581,2289
1581,2290
1582,2291
1582,2292
1582,2293
1582,2294
1582,2295
1582,2296
1582,2297
1582,2298
1582,2299
1582,2300
1583,2301
1583,2302
1583,2303
1583,2304
1583,2305
1583,2306
1583,2307
1583,2308
1583,2309
1583,2310
1584,2302
1584,2311
1584,2312
1584,2313
1584,2295
1584,2306
1584,2314
1584,2315
1584,2316
1584,2317
1585,2318
1585,2319
1585,2320
1585,2312
1585,2321
1585,2295
1585,2306
1585,2322
1585,2323
1585,2324
1586,2325
1586,2326
1586,2327
1586,2328
1586,2295
1586,2329
1586,2306
1586,2330
1586,2298
1586,2300
1587,1371
1587,665
1587,2253
1587,2331
1587,2332
1587,2333
1587,2334
1587,2335
1587,2300
1588,2336
1588,2337
1588,2316
1588,2338
1588,2339
1588,2340
1588,2341
1588,2342
1588,2343
1589,2344
1589,2312
1589,2305
1589,2295
1589,2296
1589,2345
1589,2346
1589,2347
1589,2348
1589,2349
1590,1552
1590,2350
1590,1405
1590,2351
1590,2352
1590,2353
1590,2295
1590,2308
1590,2354
1591,122
1591,2332
1591,2352
1591,2295
1591,2316
1591,2338
1591,2355
1591,2339
1592,1551
1592,2356
1592,2357
1592,2358
1592,2312
1592,2304
1592,2359
1592,2360
1592,2361
1592,2362
1593,2363
1593,2364
1593,2305
1593,2306
1593,2365
1593,2366
1593,2367
1593,2308
1593,2368
1593,2369
1594,2357
1594,2358
1594,2312
1594,2370
1594,2359
1594,2360
1594,2371
1594,2372
1594,2361
1594,2362
1595,2358
1595,2373
1595,2374
1595,2375
1595,2376
1595,2377
1595,2372
1595,2308
1595,2378
1595,2379
1596,2380
1596,2357
1596,2325
1596,2381
1596,2359
1596,2382
1596,2372
1596,2361
1596,2362
1596,2383
1597,2356
1597,2312
1597,2295
1597,2373
1597,2384
1597,2385
1597,2386
1597,2361
1597,2387
1597,2388
1598,1504
1598,886
1598,834
1598,1427
1598,2389
1598,2295
1598,2390
1598,2348
1599,33
1599,692
1599,2391
1599,2351
1599,2352
1599,2292
1599,2390
1599,2392
1599,2393
1599,2394
1600,2333
1600,2335
1600,2352
1600,2395
1600,2292
1600,2396
1600,2397
1600,2398
1601,2318
1601,2399
1601,2292
1601,2312
1601,2400
1601,2294
1601,2401
1601,2402
1601,2403
1601,2339
1602,2404
1602,2344
1602,2405
1602,2296
1602,2297
1602,2406
1602,2397
1602,2407
1602,2346
1603,90
1603,675
1603,2408
1603,2352
1603,2395
1603,2327
1604,2357
1604,2312
1604,2409
1604,2306
1604,2370
1604,2317
1604,2410
1604,2411
1604,2361
1604,2348
1605,139
1605,2351
1605,2352
1605,2292
1605,2397
1605,2412
1605,2390
1605,2413
1605,2414
1605,2300
1606,841
1606,570
1606,2333
1606,2351
1606,2415
1606,2416
1606,2417
1606,2418
1606,2419
1606,2317
1607,2420
1607,2421
1607,2389
1607,2422
1607,2423
1607,2416
1607,2312
1607,2417
1607,2317
1608,1501
1608,1371
1608,1059
1608,2391
1608,2325
1608,2292
1608,2424
1609,2425
1609,2312
1609,2327
1609,2426
1609,2402
1609,2317
1609,2427
1609,2428
1609,2348
1609,2429
1610,692
1610,2334
1610,2430
1610,2431
1610,2395
1610,2409
1610,2295
1610,2432
1610,2361
1611,675
1611,1058
1611,1371
1611,2333
1611,2433
1611,2352
1611,2296
1611,2297
1611,2390
1611,2407
1612,863
1612,2434
1612,2416
1612,2312
1612,2327
1612,2435
1612,2306
1612,2436
1612,2417
1612,2317
1613,639
1613,2437
1613,2333
1613,2438
1613,2439
1613,2440
1613,2441
1614,2312
1614,2442
1614,2295
1614,2370
1614,2403
1614,2355
1614,2317
1614,2386
1614,2379
1614,2443
1615,2444
1615,2430
1615,2389
1615,2352
1615,2431
1615,2445
1615,2328
1615,2295
1615,2446
1615,2447
1616,2389
1616,2352
1616,2325
1616,2416
1616,2312
1616,2295
1616,2436
1616,2316
1616,2412
1617,151
1617,25
1617,1059
1617,1156
1617,692
1617,2331
1617,2333
1617,2448
1617,2395
1617,2396
1618,638
1618,2404
1618,2449
1618,2450
1618,2389
1618,2352
1618,2441
1618,2451
1618,2452
1619,2356
1619,2431
1619,2296
1619,2419
1619,2298
1619,2397
1619,2412
1619,2453
1619,2376
1620,159
1620,2454
1620,2344
1620,2425
1620,2395
1620,2416
1620,2455
1621,2325
1621,2305
1621,2456
1621,2457
1621,2372
1621,2458
1621,2459
1621,2308
1621,2460
1621,2461
1622,1420
1622,1265
1622,2292
1622,2312
1622,2296
1622,2462
1622,2406
1622,2463
1622,2464
1622,2465
1623,2466
1623,2292
1623,2467
1623,2305
1623,2468
1623,2469
1623,2381
1623,2470
1623,2471
1623,2472
1624,2391
1624,2351
1624,2473
1624,2352
1624,2474
1624,2475
1624,2295
1624,2390
1624,2310
1625,2312
1625,2476
1625,2477
1625,2478
1625,2403
1625,2375
1625,2317
1625,2386
1625,2479
1625,2432
1626,1420
1626,1379
1626,2437
1626,2325
1626,2441
1626,2295
1626,2397
1626,2480
1626,2481
1626,2482
1627,2404
1627,2344
1627,2312
1627,2295
1627,2296
1627,2483
1627,2382
1627,2397
1627,2412
1627,2376
1628,2484
1628,2389
1628,2302
1628,2416
1628,2305
1628,2355
1628,2485
1628,2348
1628,2486
1628,2369
1629,2404
1629,2487
1629,2488
1629,2489
1629,2352
1629,2356
1629,2441
1629,2452
1629,2300
1630,882
1630,1376
1630,708
1630,148
1630,169
1630,1419
1630,542
1630,35
1630,484
1630,2490
1631,2491
1631,1075
1631,484
1631,2492
1631,2493
1631,2494
1631,1499
1631,2495
1631,418
1631,2496
1632,431
1632,1080
1632,326
1632,2497
1632,476
1632,261
1632,2490
1632,2498
1632,1334
1632,2499
1633,580
1633,1047
1633,13
1633,517
1633,2500
1633,2501
1633,23
1633,476
1633,2502
1633,2503
1634,2504
1634,33
1634,13
1634,118
1634,46
1634,2505
1634,194
1634,322
1634,2506
1634,2507
1635,1047
1635,118
1635,345
1635,484
1635,525
1635,2508
1635,76
1635,2509
1635,2510
1635,2511
1636,142
1636,13
1636,543
1636,676
1636,35
1636,4
1636,2512
1636,493
1636,8
1636,2513
1637,855
1637,2514
1637,109
1637,345
1637,1423
1637,74
1637,48
1637,128
1637,112
1637,1016
1638,2515
1638,2516
1638,1350
1638,2517
1638,2490
1638,2518
1638,2519
1638,2520
1638,2521
1638,2522
1639,177
1639,2523
1639,133
1639,2512
1639,2524
1639,76
1639,764
1639,2525
1639,2526
1639,2527
1640,2504
1640,2528
1640,484
1640,1499
1640,1877
1640,2529
1640,1432
1640,2530
1640,2531
1640,717
1641,2523
1641,2532
1641,2533
1641,2534
1641,209
1641,1264
1641,2535
1641,2536
1641,2537
1641,2538
1642,843
1642,1080
1642,1257
1642,268
1642,2539
1642,1437
1642,260
1642,1218
1642,2540
1642,2541
1643,2542
1643,1406
1643,1974
1643,2497
1643,2493
1643,2543
1643,260
1643,2544
1643,2545
1643,2546
1644,27
1644,225
1644,174
1644,16
1644,5
1644,1216
1644,198
1644,2495
1644,2547
1644,2548
1645,2549
1645,451
1645,242
1645,2493
1645,2550
1645,2551
1645,2552
1645,2553
1645,2554
1645,739
1646,2504
1646,2528
1646,2002
1646,578
1646,1735
1646,2555
1646,76
1646,2490
1646,607
1646,2556
1647,185
1647,225
1647,1265
1647,16
1647,2557
1647,2558
1647,1457
1647,2559
1647,2560
1647,2561
1648,2549
1648,1081
1648,493
1648,2562
1648,2563
1648,2536
1648,2537
1648,2507
1648,2564
1648,2565
1649,1057
1649,2566
1649,2567
1649,2500
1649,114
1649,555
1649,2568
1649,2569
1649,2570
1649,2571
1650,2572
1650,2573
1650,2574
1650,2575
1650,2576
1650,2577
1650,2578
1650,2564
1650,2579
1650,2580
1651,33
1651,2581
1651,348
1651,1974
1651,2582
1651,2583
1651,1263
1651,2203
1651,2584
1651,1243
1652,651
1652,201
1652,225
1652,881
1652,400
1652,162
1652,48
1652,836
1652,170
1652,2584
1653,2532
1653,345
1653,78
1653,2585
1653,1358
1653,393
1653,268
1653,2537
1653,1286
1653,2586
1654,33
1654,341
1654,2581
1654,1358
1654,1263
1654,2587
1654,868
1654,557
1654,418
1654,2584
1655,2588
1655,2589
1655,2590
1655,2591
1655,2592
1655,2499
1655,2593
1655,2594
1655,2595
1655,2596
1656,1045
1656,2597
1656,278
1656,879
1656,2493
1656,2552
1656,2598
1656,2506
1656,2599
1656,2600
1657,2601
1657,2602
1657,2603
1657,2604
1657,2599
1657,1348
1657,1993
1657,2605
1657,2606
1657,2607
1658,2523
1658,2608
1658,2609
1658,517
1658,2610
1658,2611
1658,261
1658,1993
1658,2503
1658,2612
1659,1047
1659,28
1659,345
1659,891
1659,1200
1659,2613
1659,549
1659,2614
1659,2591
1659,2490
1660,1500
1660,627
1660,345
1660,1974
1660,2250
1660,2582
1660,484
1660,560
1660,2602
1660,2502
1661,1492
1661,891
1661,1974
1661,2615
1661,1499
1661,2501
1661,2591
1661,2602
1661,2537
1661,2616
1662,2617
1662,2618
1662,1318
1662,2619
1662,2584
1662,2620
1662,2621
1662,2622
1662,2623
1662,2624
1663,2625
1663,2233
1663,2626
1663,362
1663,2627
1663,2628
1663,2629
1663,2630
1663,2535
1663,2631
1664,765
1664,393
1664,1583
1664,2632
1664,528
1664,2633
1664,2634
1664,2635
1664,1470
1664,2636
1665,2637
1665,2532
1665,1076
1665,621
1665,2493
1665,2557
1665,517
1665,2619
1665,418
1665,2638
1666,1340
1666,2639
1666,2587
1666,2640
1666,1116
1666,1185
1666,1350
1666,39
1666,2518
1666,2607
1667,2641
1667,2642
1667,2643
1667,1912
1667,2644
1667,458
1667,36
1667,2645
1667,2646
1667,2647
1668,431
1668,2504
1668,13
1668,120
1668,74
1668,175
1668,774
1668,1218
1668,2507
1668,2527
1669,185
1669,875
1669,2597
1669,118
1669,345
1669,2648
1669,2649
1669,2512
1669,10
1669,2650
1670,191
1670,185
1670,374
1670,47
1670,48
1670,1456
1670,44
1670,2651
1670,2652
1670,2653
1671,1255
1671,191
1671,1552
1671,138
1671,140
1671,74
1671,1134
1671,1522
1671,2529
1671,1432
1672,1045
1672,2597
1672,278
1672,886
1672,2581
1672,2654
1672,1423
1672,2655
1672,484
1672,2495
1673,589
1673,1339
1673,1090
1673,2656
1673,118
1673,2581
1673,35
1673,1350
1673,2657
1673,377
1674,2211
1674,347
1674,2658
1674,1387
1674,2659
1674,2493
1674,736
1674,2660
1674,2661
1674,2662
1675,2663
1675,468
1675,1545
1675,2632
1675,2644
1675,528
1675,2664
1675,2665
1675,2633
1675,2634
1676,2666
1676,1199
1676,2667
1676,1974
1676,2668
1676,2628
1676,260
1676,445
1676,2669
1676,2545
1677,431
1677,185
1677,2597
1677,1166
1677,2581
1677,229
1677,268
1677,484
1677,2495
1677,2670
1678,307
1678,1974
1678,2671
1678,2672
1678,1200
1678,2619
1678,2495
1678,2628
1678,2660
1678,2604
1679,298
1679,398
1679,556
1679,138
1679,74
1679,99
1679,1134
1679,1890
1679,471
1679,1432
1680,191
1680,1267
1680,1080
1680,29
1680,162
1680,73
1680,140
1680,1234
1680,286
1680,62
1681,431
1681,213
1681,2597
1681,2673
1681,1974
1681,128
1681,2619
1681,2674
1681,2675
1681,2596
1682,1045
1682,2676
1682,96
1682,1080
1682,484
1682,517
1682,2677
1682,2552
1682,2598
1682,2678
1683,1287
1683,2504
1683,185
1683,2597
1683,345
1683,484
1683,1499
1683,2679
1683,2507
1683,2680
1684,2681
1684,2668
1684,2590
1684,2591
1684,2490
1684,2578
1684,2593
1684,2682
1684,2683
1684,2684
1685,2504
1685,306
1685,484
1685,85
1685,2493
1685,493
1685,1185
1685,2685
1685,39
1685,2525
1686,2658
1686,2659
1686,891
1686,2686
1686,2687
1686,2688
1686,2554
1686,2192
1686,2689
1686,2594
1687,431
1687,2491
1687,345
1687,46
1687,1080
1687,283
1687,268
1687,1505
1687,2690
1687,1262
1688,1199
1688,2534
1688,444
1688,2691
1688,17
1688,2613
1688,260
1688,445
1688,2518
1688,1292
1689,59
1689,310
1689,396
1689,1267
1689,187
1689,297
1689,1492
1689,1974
1689,2692
1689,2693
1690,2504
1690,1499
1690,1210
1690,2694
1690,769
1690,1512
1690,1432
1690,2695
1690,2507
1690,2564
1691,1327
1691,2505
1691,2696
1691,2697
1691,2698
1691,2699
1691,2700
1691,2701
1691,2702
1691,2703
1692,2704
1692,2705
1692,2706
1692,2707
1692,2708
1692,2709
1692,2710
1692,2711
1692,2712
1692,2713
1693,2714
1693,2715
1693,2716
1693,2717
1693,2718
1693,2719
1693,2720
1693,2721
1693,2722
1693,2723
1694,2724
1694,2717
1694,2725
1694,2726
1694,2727
1694,2728
1694,2729
1694,2730
1694,2731
1694,2732
1695,2733
1695,2704
1695,2734
1695,2727
1695,2735
1695,2736
1695,2737
1695,2738
1695,2739
1695,2740
1696,2714
1696,2741
1696,2742
1696,2743
1696,2744
1696,2698
1696,2745
1696,2721
1696,2746
1696,2723
1697,2747
1697,1605
1697,2741
1697,2748
1697,2749
1697,2750
1697,2751
1697,2752
1697,2753
1697,2723
1698,2754
1698,2755
1698,2756
1698,2757
1698,2758
1698,2744
1698,2759
1698,2760
1698,2721
1698,2746
1699,1327
1699,2761
1699,2762
1699,2763
1699,2764
1699,2765
1699,2766
1699,2767
1699,2701
1699,2721
1700,1327
1700,2696
1700,2768
1700,2741
1700,2769
1700,2697
1700,2770
1700,2698
1700,2751
1700,2752
1701,776
1701,759
1701,2771
1701,2768
1701,2741
1701,2758
1701,2698
1701,2701
1701,2751
1701,2752
1702,2714
1702,2772
1702,2773
1702,2741
1702,2774
1702,2775
1702,2776
1702,2745
1702,2701
1702,2777
1703,2741
1703,2769
1703,2778
1703,2779
1703,2757
1703,2758
1703,2780
1703,2701
1703,2751
1703,2723
1704,2761
1704,2704
1704,2781
1704,2782
1704,1605
1704,2783
1704,2749
1704,2784
1704,2767
1704,2701
1705,2696
1705,2768
1705,2785
1705,2697
1705,2744
1705,2759
1705,2698
1705,2699
1705,2786
1705,2787
1706,2788
1706,2789
1706,2768
1706,2741
1706,2755
1706,2742
1706,2790
1706,2699
1706,2721
1706,2752
1707,1327
1707,2762
1707,2705
1707,2706
1707,2791
1707,2792
1707,2793
1707,2701
1707,2794
1707,2713
1708,2714
1708,2795
1708,2796
1708,2797
1708,2798
1708,2799
1708,2800
1708,2753
1708,2801
1708,2723
1709,513
1709,776
1709,583
1709,2802
1709,899
1709,2803
1709,2768
1709,2721
1709,2751
1709,2752
1710,2804
1710,2805
1710,2710
1710,2806
1710,2807
1710,2793
1710,2712
1710,2739
1710,2808
1710,2809
1711,2810
1711,1327
1711,2811
1711,2812
1711,2719
1711,2813
1711,2814
1711,2701
1711,2721
1711,2722
1712,776
1712,2802
1712,899
1712,2815
1712,2757
1712,2758
1712,2816
1712,2701
1712,2721
1712,2702
1713,2714
1713,2704
1713,2768
1713,2817
1713,1605
1713,2818
1713,2819
1713,2820
1713,2745
1713,2777
1714,776
1714,899
1714,2815
1714,2774
1714,2757
1714,2758
1714,2816
1714,2698
1714,2701
1714,2721
1715,2704
1715,2768
1715,2817
1715,2741
1715,2821
1715,2819
1715,2749
1715,2822
1715,2823
1715,2751
1716,2824
1716,1599
1716,2825
1716,2782
1716,2768
1716,1605
1716,2749
1716,2701
1716,2751
1716,2752
1717,2754
1717,2696
1717,2741
1717,2769
1717,2744
1717,2698
1717,2721
1717,2751
1717,2752
1717,2723
1718,2797
1718,2826
1718,2815
1718,2757
1718,2758
1718,2816
1718,2759
1718,2701
1718,2721
1718,2827
1719,874
1719,439
1719,1053
1719,154
1719,467
1719,300
1719,694
1720,439
1720,1493
1720,216
1720,741
1720,1420
1720,840
1720,300
1721,657
1721,169
1721,1493
1721,650
1721,840
1721,312
1721,760
1721,694
1722,1
1722,651
1722,159
1722,221
1722,223
1722,665
1722,840
1722,1354
1723,221
1723,26
1723,1394
1723,1767
1724,249
1724,694
1725,657
1725,840
1725,694
1726,657
1726,154
1726,196
1726,694
1727,1511
1727,472
1727,215
1728,1511
1728,215
1728,169
1728,863
1728,570
1728,300
1728,542
1728,2253
1728,1638
1728,2828
1729,159
1729,440
1729,840
1729,1767
1729,320
1730,1553
1730,675
1730,25
1730,119
1730,673
1730,169
1730,1316
1730,860
1730,838
1731,840
1731,726
1731,694
1731,866
1732,840
1733,1266
1733,1309
1733,708
1733,877
1733,1371
1733,570
1733,1423
1733,1386
1734,848
1734,570
1735,540
1735,26
1735,694
1735,866
1736,26
1736,844
1736,694
1736,866
1737,374
1738,263
1738,1309
1738,1400
1738,1504
1738,1372
1738,1379
1738,2829
1738,139
1739,122
1739,1154
1739,2830
1739,29
1739,1386
1739,836
1739,1374
1739,1427
1740,1266
1740,1154
1740,1370
1740,840
1740,1386
1741,814
1741,1453
1741,879
1741,870
1741,878
1741,1398
1741,1386
1742,1154
1742,814
1742,786
1742,1383
1742,1419
1742,1373
1742,2829
1743,1154
1743,1255
1743,695
1743,26
1743,665
1743,694
1743,866
1743,1390
1744,1154
1744,1495
1744,2831
1744,840
1744,1410
1744,694
1744,2829
1744,866
1745,2221
1745,853
1745,840
1745,2832
1746,310
1746,1309
1746,695
1746,26
1746,677
1746,1371
1746,870
1747,1068
1747,694
1748,1154
1748,1138
1748,25
1748,886
1748,888
1748,1354
1748,866
1748,836
1749,396
1749,786
1749,428
1749,1383
1749,1405
1749,2833
1750,1138
1750,786
1750,1100
1750,570
1750,866
1751,874
1751,1138
1751,1068
1751,2189
1751,694
1751,1386
1751,838
1752,786
1752,862
1752,1413
1753,440
1753,886
1753,840
1753,2834
1754,310
1754,396
1754,428
1754,879
1754,1068
1754,2835
1754,135
1754,534
1754,870
1755,110
1755,1419
1755,870
1755,694
1755,866
1756,310
1756,1138
1756,26
1756,840
1756,866
1757,863
1757,1371
1758,310
1758,1154
1758,657
1758,814
1758,786
1758,866
1759,1255
1759,695
1759,1394
1759,886
1759,835
1759,2836
1759,1483
1760,852
1760,886
1760,835
1760,1372
1760,1420
1760,1405
1760,1419
1760,870
1760,1386
1761,814
1761,26
1761,1371
1761,870
1761,840
1762,1266
1762,641
1762,26
1762,1427
1763,886
1763,1423
1763,866
1764,1383
1764,1425
1764,538
1764,834
1764,1415
1764,1427
1765,396
1765,1394
1765,1371
1765,690
1765,1068
1765,2829
1765,1381
1765,1418
1766,396
1766,1155
1766,1371
1766,835
1766,1156
1767,472
1767,26
1767,1383
1767,2835
1767,694
1768,1138
1768,26
1768,886
1769,122
1769,656
1769,624
1769,456
1769,440
1769,886
1769,2837
1770,854
1770,870
1770,1163
1770,694
1770,866
1770,2838
1770,2839
1771,785
1771,456
1771,870
1771,374
1772,1266
1772,708
1772,1396
1772,897
1773,221
1773,1504
1773,886
1773,1371
1773,835
1773,860
1773,2840
1774,695
1774,835
1774,870
1774,840
1774,860
1774,2841
1774,2842
1775,886
1775,835
1775,1419
1775,870
1775,1386
1775,2843
1776,1154
1776,814
1776,26
1776,1381
1776,139
1776,2840
1777,310
1777,1309
1778,1154
1778,1241
1778,1371
1778,1372
1778,1392
1779,25
1779,695
1779,1155
1779,1068
1779,1405
1779,860
1780,835
1780,1246
1780,876
1780,1386
1780,1374
1781,310
1781,1154
1781,656
1781,1420
1781,838
1782,1255
1782,2844
1782,886
1782,1100
1782,1358
1782,2845
1782,2846
1782,2847
1783,165
1783,110
1783,886
1783,860
1783,374
1784,894
1784,1371
1784,135
1784,866
1784,1408
1785,447
1785,894
1785,1404
1785,870
1785,139
1785,2848
1786,1373
1786,2302
1786,2357
1786,2849
1787,2850
1787,2851
1787,2335
1787,2852
1787,2853
1787,2854
1788,1420
1788,2855
1788,2856
1788,2857
1788,2858
1789,2859
1789,2860
1789,2190
1789,2861
1789,2842
1790,2862
1790,863
1790,860
1790,1415
1790,2863
1790,2311
1791,1416
1791,2864
1791,1379
1791,2857
1792,2291
1793,2865
1793,2866
1793,1137
1793,2867
1793,2846
1793,1311
1793,2852
1793,2868
1793,2869
1794,2870
1794,2344
1794,2449
1794,2302
1794,2352
1794,2474
1794,2871
1794,2872
1795,2873
1795,1408
1795,2874
1795,2875
1795,2852
1795,2876
1795,2877
1795,2878
1796,2879
1796,1137
1796,1410
1796,2880
1796,837
1796,2881
1796,2882
1796,2883
1796,2884
1797,2810
1797,1416
1797,841
1797,2836
1797,2484
1797,2885
1797,2886
1798,1397
1798,841
1798,2887
1798,2888
1798,2889
1798,2853
1799,1154
1799,1370
1799,221
1799,1405
1799,878
1799,860
1799,2890
1800,2891
1800,2892
1801,2891
1801,2893
1801,539
1801,2431
1801,2877
1801,2894
1801,2881
1802,2895
1802,2896
1802,2879
1802,2897
1802,2242
1802,2861
1802,2898
1803,1397
1803,1137
1803,2899
1803,2876
1803,2900
1803,2858
1803,2884
1804,2830
1804,2851
1804,2291
1804,2852
1804,2854
1805,2859
1805,2871
1806,1417
1806,2202
1806,2851
1806,2857
1806,2892
1806,2882
1806,2854
1807,1899
1807,2830
1807,2901
1807,1551
1807,2297
1808,2902
1808,2344
1808,2291
1809,2830
1809,124
1809,1396
1809,2891
1809,2867
1809,2291
1809,2852
1810,2859
1810,2311
1810,2423
1810,2857
1811,1098
1811,2903
1811,2250
1811,2904
1811,2905
1811,2906
1811,2846
1811,2907
1811,893
1812,580
1812,310
1812,34
1812,879
1812,1547
1812,2908
1812,1483
1812,1423
1812,359
1812,2909
1813,263
1813,310
1813,1983
1813,2910
1813,174
1813,361
1813,422
1813,2909
1814,879
1814,2911
1815,856
1815,1016
1816,1368
1816,1097
1816,886
1816,856
1816,361
1816,2912
1816,2906
1816,893
1816,2913
1817,2914
1817,879
1817,359
1817,2227
1817,2906
1818,359
1818,865
1818,2915
1818,1466
1818,2916
1818,2917
1819,2918
1819,1983
1819,2258
1819,2255
1819,1527
1819,2219
1819,2913
1820,1501
1820,2919
1820,221
1820,110
1820,29
1820,1546
1820,1547
1820,135
1820,482
1821,347
1821,2195
1821,861
1821,2250
1821,2906
1821,2913
1822,879
1822,2227
1822,2255
1822,2920
1822,2219
1822,2208
1823,1255
1823,815
1823,880
1823,883
1823,847
1823,361
1823,2921
1823,316
1823,2219
1823,2913
1824,34
1824,2195
1824,422
1824,2874
1824,2913
1825,2922
1825,667
1825,2195
1825,2923
1825,422
1825,2924
1825,2907
1825,914
1825,893
1826,849
1826,2836
1826,1302
1826,2925
1826,2906
1826,2926
1826,2927
1826,893
1826,2928
1827,814
1827,1978
1827,2831
1827,853
1827,741
1827,1546
1827,2929
1827,2906
1827,2930
1828,2931
1828,865
1828,2915
1828,2916
1828,2932
1828,2933
1828,2934
1829,491
1829,2935
1829,2936
1829,2906
1829,2911
1829,2909
1830,580
1830,2937
1830,2572
1830,1186
1830,2234
1830,2915
1830,2916
1830,2932
1831,310
1831,2918
1831,879
1831,2626
1831,2935
1831,2846
1831,2911
1831,2938
1832,814
1832,1097
1832,2195
1832,2939
1832,2911
1832,2940
1832,2928
1832,2913
1833,2922
1833,2941
1833,2626
1833,2942
1833,2936
1833,2943
1833,2944
1833,2945
1833,2905
1833,2946
1834,2922
1834,2947
1834,568
1834,2948
1834,2949
1834,2942
1834,2906
1834,2846
1834,2950
1834,2913
1835,2929
1835,2943
1835,2951
1835,2906
1835,2587
1835,2952
1835,2953
1835,2235
1835,2913
1836,122
1836,1501
1836,804
1836,1155
1836,1552
1836,845
1836,701
1837,538
1837,2954
1838,110
1838,29
1838,876
1838,374
1839,1461
1839,804
1839,659
1839,26
1839,1546
1839,65
1839,2834
1840,701
1840,503
1840,647
1841,428
1841,859
1841,838
1842,1501
1842,657
1842,786
1842,456
1842,848
1842,883
1842,838
1843,310
1843,688
1843,1495
1843,494
1843,838
1843,156
1844,1058
1844,665
1845,665
1846,456
1846,665
1846,694
1846,838
1847,161
1847,657
1847,814
1847,838
1848,814
1848,1419
1848,895
1849,897
1850,428
1850,538
1850,47
1850,701
1851,2284
1851,1058
1851,148
1851,876
1851,2955
1851,2956
1852,1171
1852,2284
1852,1058
1852,494
1852,853
1852,895
1853,708
1853,665
1854,657
1854,1495
1854,894
1854,247
1854,456
1854,1546
1854,838
1855,895
1856,895
1857,657
1857,641
1857,659
1857,1973
1857,879
1857,838
1857,156
1858,2957
1858,639
1858,73
1859,871
1859,463
1859,708
1859,665
1859,156
1860,854
1860,151
1860,165
1860,491
1860,495
1860,169
1860,29
1860,885
1861,883
1861,1379
1862,154
1862,840
1862,156
1863,26
1863,110
1863,838
1863,156
1863,836
1864,851
1865,858
1866,874
1866,151
1866,1394
1866,300
1866,111
1867,155
1867,156
1868,2958
1869,161
1869,785
1869,154
1869,400
1869,156
1869,292
1870,2874
1871,491
1871,886
1871,888
1871,885
1871,7
1871,539
1872,400
1872,156
1872,2959
1873,628
1873,859
1873,881
1873,2836
1873,885
1873,645
1873,2960
1874,1503
1874,841
1875,143
1875,2891
1875,884
1876,1899
1876,875
1876,1394
1876,2961
1876,503
1876,1382
1876,847
1877,885
1877,2651
1878,628
1878,840
1878,156
1879,156
1879,157
1880,840
1880,2962
1880,156
1881,628
1882,100
1882,400
1882,156
1883,1048
1884,2963
1885,156
1886,110
1887,871
1887,875
1887,1410
1887,872
1887,618
1888,154
1888,156
1889,871
1889,2637
1889,1053
1889,2964
1889,278
1889,4
1889,322
1889,1321
1889,2965
1889,2966
1890,1578
1890,2967
1890,2968
1891,191
1891,248
1891,972
1891,2969
1891,280
1891,2970
1891,2971
1891,2968
1892,96
1892,777
1892,2972
1892,2973
1892,2974
1892,2975
1892,2976
1892,2977
1893,588
1893,685
1893,1176
1893,1005
1893,950
1893,1023
1893,2978
1893,2979
1894,2974
1894,2975
1894,2980
1894,2981
1895,152
1895,500
1895,2979
1896,179
1896,747
1896,2982
1896,60
1896,217
1896,2983
1896,2984
1897,1510
1897,2985
1897,2986
1897,2987
1898,2988
1898,2989
1899,290
1899,2272
1899,726
1899,686
1899,2990
1899,2991
1899,2992
1900,942
1900,950
1900,2993
1900,1826
1900,2979
1901,1176
1901,2994
1902,1814
1902,950
1902,2995
1902,2996
1902,2997
1903,248
1903,291
1903,700
1903,972
1903,2998
1903,2971
1904,1176
1904,2999
1904,2967
1904,3000
1904,2979
1905,972
1905,2969
1905,2970
1905,2998
1905,3001
1906,3002
1906,753
1906,3003
1906,3004
1906,3005
1906,2996
1906,3006
1907,152
1907,2999
1907,3000
1907,2979
1908,296
1908,1153
1908,536
1908,899
1908,74
1908,547
1908,1120
1908,2970
1908,3007
1909,497
1909,1814
1909,2999
1909,3000
1909,2997
1909,2979
1910,513
1910,2272
1910,718
1910,174
1910,3000
1910,2997
1910,3008
1910,2979
1911,2272
1911,127
1911,174
1911,3000
1911,2987
1911,2979
1911,3009
1912,2997
1912,3010
1913,497
1913,2970
1913,2999
1913,3011
1913,3007
1913,2979
1914,3012
1914,2994
1914,3001
1915,749
1915,595
1915,2983
1915,3012
1915,2984
1915,2994
1915,3001
1916,119
1916,217
1916,174
1916,595
1916,2998
1916,2983
1916,2979
1917,174
1917,2997
1917,2979
1918,972
1918,2969
1918,2970
1918,2998
1918,2992
1919,2983
1919,3012
1919,2984
1919,2994
1919,3001
1920,1431
1920,3013
1920,3014
1920,3015
1920,3016
1920,3017
1920,3018
1921,942
1921,2999
1921,2979
1922,1343
1922,3019
1922,3020
1922,3021
1922,3022
1922,3023
1922,3024
1922,3025
1922,3026
1922,3027
1923,1524
1923,737
1923,3028
1923,3029
1923,1596
1923,1024
1923,3030
1923,3031
1923,3032
1923,3026
1924,735
1924,248
1924,516
1924,808
1924,101
1924,1915
1924,753
1924,3020
1924,3033
1924,3026
1925,1431
1925,340
1925,3034
1925,3035
1925,3036
1925,3037
1925,3026
1925,3038
1926,296
1926,34
1926,3039
1926,297
1926,3040
1926,3041
1926,3035
1926,3019
1926,3030
1926,3026
1927,965
1927,3028
1927,3042
1927,3039
1927,3029
1927,1534
1927,3043
1927,3020
1927,3044
1927,3026
1928,3045
1928,3046
1928,3019
1928,3047
1928,3020
1928,3048
1928,3049
1928,3050
1928,3051
1928,3026
1929,3052
1929,3041
1929,3053
1929,3054
1929,3055
1929,3056
1929,3057
1929,3058
1929,3059
1929,3060
1930,737
1930,1431
1930,3039
1930,3029
1930,753
1930,3061
1930,3062
1930,3033
1930,337
1930,3026
1931,118
1931,737
1931,1431
1931,3039
1931,3029
1931,3063
1931,3053
1931,3020
1931,3061
1931,3026
1932,552
1932,91
1932,798
1932,908
1932,373
1932,643
1932,766
1932,3064
1932,3030
1932,3026
1933,737
1933,1431
1933,3039
1933,3029
1933,3063
1933,1915
1933,753
1933,3020
1933,3033
1933,3026
1934,1553
1934,1048
1934,3065
1934,1278
1934,3066
1934,3035
1934,80
1934,3067
1934,3026
1934,3068
1935,287
1935,737
1935,3029
1935,1024
1935,753
1935,3020
1935,3062
1935,3033
1935,3069
1935,3026
1936,3070
1936,737
1936,3039
1936,2278
1936,2778
1936,3071
1936,3061
1936,3072
1936,3073
1936,3026
1937,824
1937,3074
1937,3075
1937,1001
1937,753
1937,3076
1937,3020
1937,3077
1937,3033
1937,3026
1938,2542
1938,108
1938,28
1938,168
1938,223
1938,506
1938,53
1938,164
1938,9
1938,551
1939,12
1939,225
1939,345
1939,3078
1939,79
1939,488
1939,89
1939,426
1939,9
1939,3079
1940,118
1940,28
1940,345
1940,2648
1940,250
1940,525
1940,2966
1940,260
1940,1328
1940,9
1941,27
1941,28
1941,848
1941,506
1941,508
1941,101
1941,482
1941,75
1941,329
1941,121
1942,12
1942,13
1942,28
1942,225
1942,202
1942,506
1942,15
1942,488
1942,189
1942,3080
1943,431
1943,550
1943,71
1943,151
1943,108
1943,2963
1943,28
1943,48
1943,170
1943,9
1944,27
1944,41
1944,28
1944,225
1944,345
1944,202
1944,506
1944,47
1944,79
1944,9
1945,27
1945,3081
1945,28
1945,202
1945,92
1945,488
1945,329
1945,113
1945,121
1945,89
1946,537
1946,550
1946,151
1946,2514
1946,28
1946,225
1946,3078
1946,168
1946,506
1946,75
1947,2514
1947,306
1947,496
1947,12
1947,28
1947,345
1947,488
1947,209
1947,114
1947,3080
1948,550
1948,28
1948,1556
1948,506
1948,101
1948,809
1948,162
1948,3
1948,1141
1948,121
1949,1897
1949,3078
1949,202
1949,196
1949,203
1949,3082
1949,15
1949,1141
1949,6
1949,1904
1950,28
1950,3078
1950,14
1950,899
1950,761
1950,547
1950,1007
1950,3083
1950,1904
1950,3084
1951,695
1951,12
1951,3078
1951,215
1951,534
1951,162
1951,121
1951,3085
1951,164
1951,401
1952,310
1952,13
1952,28
1952,3078
1952,196
1952,197
1952,174
1952,329
1952,58
1952,209
1953,1252
1953,3078
1953,505
1953,168
1953,215
1953,633
1953,162
1953,329
1953,153
1953,113
1954,185
1954,28
1954,345
1954,3078
1954,22
1954,162
1954,448
1954,164
1954,102
1954,426
1955,541
1955,438
1955,463
1955,28
1955,14
1955,536
1955,101
1955,761
1955,198
1955,9
1956,550
1956,41
1956,28
1956,3078
1956,196
1956,506
1956,15
1956,3
1956,836
1956,1141
1957,496
1957,13
1957,28
1957,225
1957,3078
1957,547
1957,220
1957,3086
1957,3087
1957,678
1958,550
1958,13
1958,202
1958,215
1958,488
1958,128
1958,329
1958,1437
1958,1366
1958,3088
1959,33
1959,13
1959,3081
1959,28
1959,345
1959,1441
1959,226
1959,3
1959,79
1959,678
1960,550
1960,13
1960,28
1960,215
1960,506
1960,47
1960,180
1960,6
1960,1169
1960,578
1961,550
1961,13
1961,28
1961,202
1961,215
1961,506
1961,101
1961,488
1961,6
1961,164
1962,13
1962,3078
1962,202
1962,563
1962,215
1962,506
1962,488
1962,6
1962,1366
1962,457
1963,1613
1963,2969
1963,2986
1963,1558
1963,3089
1963,3090
1963,3091
1963,3092
1963,3093
1963,3094
1964,3095
1964,1771
1964,3096
1964,3097
1964,1598
1964,1570
1964,3098
1964,3099
1964,3100
1964,3101
1965,3102
1965,3103
1965,3104
1965,3105
1965,3106
1965,1830
1965,3107
1965,3108
1965,3109
1965,3110
1966,3111
1966,1586
1966,3112
1966,3113
1966,3114
1966,3115
1966,3116
1966,3117
1966,3118
1966,3109
1967,1811
1967,1727
1967,3119
1967,1558
1967,3120
1967,3121
1967,3122
1967,2991
1967,3123
1967,3124
1968,776
1968,1028
1968,3125
1968,899
1968,3126
1968,3127
1968,3121
1968,3128
1968,3123
1968,3129
1969,3130
1969,3131
1969,3132
1969,2185
1969,3133
1969,3134
1969,3135
1969,3136
1969,3137
1969,1809
1970,3138
1970,1671
1970,1586
1970,3120
1970,3139
1970,3140
1970,3141
1970,3115
1970,3142
1970,3143
1971,3131
1971,535
1971,1773
1971,3125
1971,3144
1971,3145
1971,936
1971,3105
1971,3141
1971,3129
1972,3146
1972,3147
1972,3148
1972,3149
1972,3150
1972,3135
1972,3151
1972,3152
1972,3153
1972,3154
1973,3131
1973,3155
1973,3125
1973,3156
1973,3157
1973,3158
1973,3121
1973,3141
1973,3159
1973,3129
1974,3160
1974,1594
1974,3161
1974,3162
1974,3163
1974,3164
1974,3165
1974,3166
1974,3167
1974,3168
1975,3131
1975,3125
1975,1569
1975,3151
1975,936
1975,3169
1975,3170
1975,3171
1975,3172
1975,3173
1976,3174
1976,1671
1976,3175
1976,3156
1976,3150
1976,1120
1976,3151
1976,3140
1976,3123
1976,3176
1977,933
1977,3177
1977,3178
1977,965
1977,3179
1977,3180
1977,3181
1977,3182
1977,3096
1977,3183
1978,3184
1978,3185
1978,3186
1978,3187
1978,1590
1978,3188
1978,1570
1978,3189
1978,3190
1978,1809
1979,3191
1979,3181
1979,3192
1979,3193
1979,3194
1979,3189
1979,3195
1979,3183
1979,3196
1979,3197
1980,3131
1980,535
1980,3156
1980,1586
1980,3198
1980,3151
1980,3112
1980,806
1980,3199
1980,3200
1981,919
1981,1766
1981,1727
1981,3201
1981,203
1981,127
1981,1107
1981,1723
1981,3202
1981,3203
1982,103
1982,3204
1982,1727
1982,3205
1982,1587
1982,2986
1982,978
1982,3206
1982,3207
1982,3208
1983,1768
1983,3209
1983,1613
1983,1724
1983,3210
1983,903
1983,1558
1983,3211
1983,3092
1983,3212
1984,1794
1984,3213
1984,1611
1984,1580
1984,3186
1984,1812
1984,1616
1984,3089
1984,3167
1984,3214
1985,462
1985,3215
1985,168
1985,1646
1985,498
1985,1724
1985,1610
1985,3089
1985,3216
1985,3092
1986,919
1986,1563
1986,1727
1986,1625
1986,3201
1986,203
1986,1724
1986,174
1986,3216
1986,3217
1987,3218
1987,1460
1987,1580
1987,1602
1987,1809
1987,3211
1987,3219
1987,3220
1987,3221
1987,3094
1988,2919
1988,590
1988,1647
1988,2122
1988,3222
1988,1747
1988,3223
1988,2967
1988,3000
1988,3224
1989,729
1989,1879
1989,3225
1989,1020
1989,1558
1989,943
1989,3122
1989,3226
1989,3227
1989,3203
1990,1580
1990,3175
1990,1647
1990,1724
1990,1747
1990,1617
1990,3122
1990,3090
1990,3228
1990,2987
1991,805
1991,725
1991,3229
1991,3230
1991,1563
1991,1727
1991,219
1991,3231
1991,3232
1991,3233
1992,919
1992,203
1992,15
1992,1945
1992,1346
1992,3122
1992,3234
1992,2991
1992,3235
1992,3208
1993,941
1993,955
1993,978
1993,3089
1993,3236
1993,3237
1993,3238
1993,3239
1993,3240
1993,3241
1994,1037
1994,3201
1994,1107
1994,964
1994,1008
1994,1733
1994,1763
1994,3242
1994,3217
1994,3203
1995,3243
1995,3082
1995,3244
1995,3245
1995,3246
1995,3247
1995,3248
1995,3092
1995,2992
1995,3249
1996,42
1996,127
1996,3243
1996,3250
1996,3089
1996,3245
1996,3236
1996,3251
1996,3252
1996,3211
1997,3253
1997,3160
1997,3254
1997,1646
1997,1647
1997,429
1997,1594
1997,1838
1997,3255
1997,3256
1998,42
1998,1730
1998,1563
1998,204
1998,1142
1998,203
1998,1564
1998,978
1998,762
1998,3257
1999,1730
1999,919
1999,1646
1999,709
1999,1602
1999,3089
1999,3258
1999,3259
1999,3212
1999,3207
2000,3146
2000,1727
2000,127
2000,3210
2000,1346
2000,3161
2000,3260
2000,3261
2000,3248
2000,3249
2001,552
2001,735
2001,3262
2001,908
2001,1625
2001,498
2001,1587
2001,1660
2001,3216
2001,3263
2002,1745
2002,1598
2002,3264
2002,1594
2002,3265
2002,3266
2002,3267
2002,3268
2002,3269
2002,3270
2003,1811
2003,1727
2003,3271
2003,3272
2003,3161
2003,3260
2003,3248
2003,3273
2003,3274
2003,3220
2004,1580
2004,3243
2004,1816
2004,3089
2004,3161
2004,3245
2004,3211
2004,3238
2004,3220
2004,3241
2005,103
2005,961
2005,1730
2005,3146
2005,1625
2005,2969
2005,1107
2005,1016
2005,3089
2005,3207
2006,502
2006,2157
2006,1646
2006,3275
2006,1812
2006,1721
2006,1660
2006,3089
2006,3161
2006,3252
2007,3276
2007,3185
2007,762
2007,3277
2007,1660
2007,3122
2007,3278
2007,3226
2007,3279
2007,3280
2008,1660
2008,3089
2008,3161
2008,3217
2008,3090
2008,3281
2008,3282
2008,3238
2008,3283
2008,3284
2009,590
2009,1727
2009,2125
2009,1724
2009,217
2009,3285
2009,3286
2009,3287
2009,3216
2009,3288
2010,826
2010,2157
2010,1646
2010,1564
2010,1012
2010,3089
2010,3161
2010,3289
2010,3217
2010,3288
2011,184
2011,919
2011,1740
2011,1750
2011,3122
2011,3226
2011,3290
2011,3291
2011,3292
2011,3293
2012,3294
2012,1811
2012,3192
2012,1028
2012,3205
2012,2986
2012,3225
2012,1660
2012,3089
2012,3295
2013,718
2013,174
2013,3205
2013,978
2013,2991
2013,3226
2013,3217
2013,2967
2013,3290
2013,3296
2014,3210
2014,1660
2014,3297
2014,3298
2014,3161
2014,3299
2014,3251
2014,3261
2014,3300
2014,3220
2015,1107
2015,3301
2015,1020
2015,1660
2015,3161
2015,3217
2015,3251
2015,3261
2015,3202
2015,3092
2016,552
2016,3302
2016,3229
2016,2157
2016,3089
2016,3161
2016,3216
2016,3261
2016,3303
2016,3224
2017,826
2017,3262
2017,1580
2017,2157
2017,1727
2017,1107
2017,3289
2017,3236
2017,3092
2017,3288
2018,1032
2018,3119
2018,3304
2018,3210
2018,978
2018,3089
2018,3251
2018,3305
2018,3306
2018,3261
2019,3125
2019,1672
2019,3307
2019,3140
2019,3169
2019,3170
2019,3308
2019,3172
2019,3129
2019,3309
2020,1653
2020,3201
2020,3310
2020,1107
2020,942
2020,1020
2020,3311
2020,1733
2020,1838
2020,3092
2021,908
2021,1646
2021,931
2021,941
2021,1740
2021,1723
2021,3161
2021,3217
2021,3237
2021,3296
2022,1727
2022,1564
2022,1945
2022,2986
2022,1346
2022,1760
2022,978
2022,1723
2022,3312
2022,3208
2023,3125
2023,3151
2023,1617
2023,3158
2023,3313
2023,3115
2023,3171
2023,3308
2023,3172
2023,3314
2024,1646
2024,1647
2024,1691
2024,3234
2024,3163
2024,3165
2024,3166
2024,3167
2024,3263
2024,3315
2025,919
2025,1580
2025,3186
2025,1766
2025,2969
2025,1942
2025,3122
2025,3234
2025,3089
2025,3226
2026,919
2026,1646
2026,1346
2026,978
2026,3316
2026,3235
2026,3317
2026,3202
2026,3203
2026,3207
2027,1766
2027,3250
2027,955
2027,3089
2027,3161
2027,3245
2027,3252
2027,3092
2027,3220
2027,3241
2028,3213
2028,103
2028,961
2028,1766
2028,1646
2028,203
2028,1008
2028,1660
2028,1012
2028,3263
2029,1580
2029,1768
2029,3271
2029,3318
2029,3222
2029,3244
2029,3298
2029,3089
2029,3319
2029,3320
2030,3160
2030,3321
2030,3225
2030,3161
2030,1042
2030,3322
2030,3323
2030,3324
2030,3325
2030,1805
2031,3119
2031,3326
2031,3318
2031,3210
2031,3327
2031,3297
2031,3328
2031,3329
2031,3330
2031,3331
2032,2763
2032,3332
2032,3333
2032,3334
2032,3335
2032,3336
2032,3337
2032,3338
2032,3339
2032,3340
2033,3341
2033,3342
2033,3336
2033,3343
2033,3337
2033,3344
2033,2040
2033,3345
2033,3346
2033,3347
2034,2763
2034,3348
2034,3333
2034,3349
2034,3350
2034,3344
2034,3351
2034,3352
2034,3353
2034,3354
2035,3355
2035,3356
2035,3348
2035,3357
2035,3358
2035,3359
2035,3360
2035,3361
2035,3362
2035,3363
2036,3364
2036,3332
2036,3365
2036,3366
2036,3367
2036,3368
2036,3369
2036,3370
2036,3371
2036,3372
2037,3373
2037,3374
2037,3375
2037,3376
2037,2011
2037,2012
2037,2013
2037,3377
2037,3378
2037,3379
2038,3348
2038,3380
2038,3333
2038,3381
2038,3382
2038,3383
2038,3384
2038,3385
2038,3386
2038,3378
2039,3387
2039,1989
2039,3388
2039,2058
2039,3333
2039,3389
2039,3374
2039,3390
2039,2012
2039,2016
2040,3391
2040,3392
2040,3393
2040,2036
2040,3394
2040,2012
2040,3395
2040,3396
2040,3397
2040,3398
2041,187
2041,400
2042,185
2042,345
2042,593
2042,400
2042,162
2042,3399
2042,63
2042,487
2043,345
2043,400
2043,594
2043,316
2043,448
2043,313
2043,9
2043,281
2043,336
2043,1183
2044,185
2044,3400
2044,345
2044,484
2044,376
2044,1200
2044,401
2044,93
2044,3401
2044,3402
2045,1197
2045,3403
2045,187
2045,345
2045,3404
2045,475
2045,869
2045,1216
2045,3405
2045,478
2046,3406
2046,400
2046,160
2047,185
2047,201
2047,1428
2047,228
2047,400
2047,22
2047,448
2047,209
2047,63
2047,1235
2048,550
2048,533
2048,225
2048,187
2048,593
2048,400
2048,2648
2048,30
2048,3407
2048,3408
2049,894
2049,154
2049,187
2049,345
2049,3404
2049,400
2049,30
2049,448
2049,54
2049,1236
2050,540
2050,345
2050,400
2050,156
2050,160
2050,3405
2050,171
2051,161
2051,201
2051,187
2051,345
2051,400
2051,22
2051,128
2051,441
2051,448
2051,487
2052,656
2052,1252
2052,187
2052,345
2052,646
2052,400
2052,160
2052,1192
2052,1237
2052,1207
2053,541
2053,206
2053,187
2053,345
2053,3404
2053,104
2053,3409
2053,3410
2053,1183
2053,1237
2054,541
2054,187
2054,593
2054,400
2054,156
2054,181
2054,3411
2055,447
2055,624
2055,118
2055,187
2055,3404
2055,674
2055,400
2055,448
2055,457
2055,171
2056,1203
2056,3403
2056,187
2056,3404
2056,216
2056,400
2056,448
2056,167
2056,293
2056,1238
2057,185
2057,3406
2057,345
2057,475
2057,593
2057,400
2057,160
2057,448
2057,457
2057,1189
2058,165
2058,783
2058,400
2058,9
2059,3412
2059,3413
2059,3414
2059,3415
2059,3416
2059,3417
2059,3418
2059,3419
2059,3420
2059,3421
2060,1266
2060,3412
2060,876
2060,279
2060,3422
2060,2873
2060,3423
2060,3424
2060,3425
2061,3426
2061,3427
2061,3428
2061,539
2061,3429
2061,3423
2061,3430
2061,3420
2061,3431
2061,3432
2062,2830
2062,1400
2062,247
2062,3433
2062,3434
2062,1156
2062,1411
2062,3435
2062,326
2062,3436
2063,3415
2063,2686
2063,3437
2063,3420
2063,3438
2063,3439
2063,3440
2063,3421
2063,3441
2063,3442
2064,3443
2064,2918
2064,2897
2064,2873
2064,3436
2064,3444
2064,3445
2064,3446
2064,3431
2064,3447
2065,3412
2065,3448
2065,3449
2065,2210
2065,3450
2065,3451
2065,3452
2065,3453
2065,3454
2065,3455
2066,3412
2066,3456
2066,3457
2066,3420
2066,3458
2066,3459
2066,3460
2066,3461
2066,3462
2066,3463
2067,843
2067,1082
2067,2897
2067,3464
2067,3465
2067,3429
2067,3423
2067,3419
2067,3452
2068,1400
2068,2897
2068,3466
2068,3434
2068,3467
2068,1317
2068,3468
2068,3435
2068,3469
2068,3423
2069,310
2069,2897
2069,3470
2069,3471
2069,3472
2069,3473
2069,3474
2069,3475
2069,3476
2070,3477
2070,2897
2070,2873
2070,3478
2070,3479
2070,3480
2070,3481
2070,3423
2070,3424
2070,3482
2071,3483
2071,1974
2071,3464
2071,3444
2071,3484
2071,3423
2071,3485
2071,3486
2071,3487
2071,3488
2072,3489
2072,2897
2072,3423
2072,3424
2072,3419
2072,3485
2072,3487
2072,3475
2072,3490
2073,2897
2073,2873
2073,3491
2073,3492
2073,3493
2073,3423
2073,3494
2073,3495
2073,3440
2073,3441
2074,2221
2074,714
2074,1379
2074,3496
2074,411
2074,1156
2074,3435
2074,2834
2074,3497
2074,3472
2075,1400
2075,3498
2075,3499
2075,1381
2075,3500
2075,1317
2075,3435
2075,3444
2075,3423
2075,3488
2076,3501
2076,3464
2076,3487
2076,3488
2076,3502
2076,3503
2076,3504
2076,3505
2076,3475
2076,3461
2077,2850
2077,2897
2077,2873
2077,3470
2077,3506
2077,3444
2077,3423
2077,3424
2077,3507
2077,3508
2078,2918
2078,3501
2078,3449
2078,3509
2078,3510
2078,3507
2078,3511
2078,3512
2078,3441
2078,3513
2079,122
2079,3514
2079,3479
2079,3444
2079,554
2079,3429
2079,3484
2079,3515
2079,3423
2079,3452
2080,2850
2080,2897
2080,856
2080,2873
2080,1093
2080,67
2080,3516
2080,3517
2080,3515
2080,3423
2081,580
2081,776
2081,3518
2081,899
2081,1042
2081,3519
2081,3472
2081,3487
2081,3520
2081,3490
2082,1576
2082,360
2082,3444
2082,3517
2082,3515
2082,3423
2082,3486
2082,3450
2082,3487
2082,3452
2083,858
2083,3521
2083,3478
2083,3506
2083,3522
2083,3423
2083,3482
2083,3523
2083,3524
2083,3525
2084,3081
2084,1242
2084,3526
2084,3527
2084,2873
2084,3528
2084,3423
2084,3424
2084,3502
2084,3462
2085,122
2085,3529
2085,2897
2085,3444
2085,3530
2085,3429
2085,3423
2085,3485
2085,3452
2085,3520
2086,776
2086,2897
2086,899
2086,3435
2086,3424
2086,3472
2086,3531
2086,3474
2086,3476
2087,34
2087,3434
2087,1381
2087,1317
2087,1411
2087,67
2087,3435
2087,2649
2087,3517
2087,3532
2088,2830
2088,1400
2088,1053
2088,3434
2088,1317
2088,67
2088,3479
2088,3444
2088,3533
2088,3423
2089,843
2089,2897
2089,3534
2089,2190
2089,2873
2089,3470
2089,2649
2089,3479
2089,3535
2089,3490
2090,1400
2090,1053
2090,300
2090,2829
2090,3434
2090,1381
2090,1418
2090,3468
2090,885
2090,873
2091,2897
2091,2873
2091,3464
2091,3519
2091,3424
2091,3487
2091,3502
2091,3503
2091,3536
2091,3490
2092,513
2092,1093
2092,3470
2092,916
2092,3464
2092,539
2092,3537
2092,3515
2092,3538
2092,3539
2093,737
2093,3483
2093,3540
2093,3464
2093,3497
2093,3444
2093,3429
2093,3484
2093,3485
2093,3430
2094,3464
2094,3444
2094,3509
2094,3487
2094,3507
2094,3541
2094,3542
2094,3490
2094,3543
2094,3544
2095,1219
2095,247
2095,319
2095,3483
2095,3434
2095,411
2095,1408
2095,3435
2095,3497
2095,3485
2096,2873
2096,2874
2096,3465
2096,3444
2096,3517
2096,3423
2096,3424
2096,3486
2096,3452
2096,3420
2097,2897
2097,860
2097,3496
2097,3497
2097,3424
2097,3472
2097,3485
2097,3487
2097,3490
2098,871
2098,714
2098,3545
2098,2897
2098,3546
2098,2829
2098,1317
2098,885
2098,873
2098,3528
2099,1400
2099,247
2099,775
2099,3483
2099,312
2099,3434
2099,3497
2099,3444
2099,3430
2100,3501
2100,3547
2100,3415
2100,2686
2100,3548
2100,3492
2100,3495
2100,3549
2100,3502
2100,3523
2101,1219
2101,1400
2101,3483
2101,1408
2101,3470
2101,3435
2101,1099
2101,3464
2101,3497
2101,3484
2102,3483
2102,3550
2102,3448
2102,3470
2102,3444
2102,3535
2102,3509
2102,3487
2102,3452
2102,3551
2103,310
2103,21
2103,680
2103,3552
2103,2265
2103,52
2103,3553
2103,1996
2103,3554
2103,3555
2104,3556
2104,3557
2104,1873
2104,1874
2104,2716
2104,2813
2104,3552
2104,1630
2104,3558
2104,3559
2105,1973
2105,3560
2105,3561
2106,3562
2106,3563
2106,3564
2106,3565
2106,3566
2106,3567
2106,3568
2106,3569
2107,3570
2107,3571
2107,3572
2107,3560
2107,3573
2107,3574
2107,3575
2107,3576
2107,3577
2107,3578
2108,1461
2108,2226
2108,875
2108,880
2108,148
2108,3579
2109,1412
2109,880
2109,3580
2109,3581
2109,2762
2109,3582
2109,3583
2109,3584
2109,3585
2109,3586
2110,447
2110,1376
2110,3587
2110,3588
2110,1815
2110,3562
2110,3589
2110,3590
2110,2205
2110,3591
2111,1368
2111,3592
2111,3593
2111,3594
2111,3595
2111,3596
2111,3597
2111,3598
2111,3599
2111,3600
2112,472
2112,1412
2112,3601
2112,862
2112,300
2112,3583
2112,3602
2112,3603
2112,3604
2112,3605
2113,438
2113,656
2113,151
2113,894
2113,154
2113,3606
2113,3589
2114,1680
2114,3607
2114,3608
2114,3584
2114,3609
2114,3610
2114,3611
2114,3612
2114,3613
2114,3614
2115,1368
2115,1581
2115,3615
2115,2794
2115,3616
2115,3617
2115,3589
2115,3618
2115,3619
2115,3561
2116,2810
2116,3620
2116,1368
2116,657
2116,463
2116,841
2116,3621
2116,3622
2116,3623
2116,3624
2117,3625
2117,3626
2117,3627
2117,3628
2117,3629
2117,3630
2117,3631
2117,3632
2117,3633
2117,3634
2118,3635
2118,3636
2118,3637
2118,3638
2118,3618
2118,3639
2118,3640
2118,3641
2118,3642
2118,3643
2119,852
2119,438
2119,2273
2119,3644
2119,3616
2119,3625
2119,3627
2119,3617
2119,3564
2119,3633
2120,1495
2120,624
2120,858
2120,3615
2120,3645
2120,3646
2120,3647
2120,3648
2120,3639
2121,3649
2121,3650
2121,3640
2121,3651
2121,3652
2121,3653
2121,3654
2121,3655
2121,3656
2121,3657
2122,624
2122,1737
2122,3617
2122,3648
2122,3639
2122,3658
2122,3659
2122,3598
2123,3660
2123,3661
2123,3638
2123,3619
2123,3662
2123,3663
2123,3664
2123,3665
2123,3666
2123,3667
2124,2273
2124,568
2124,3668
2124,3669
2124,3670
2124,3626
2124,3671
2124,3672
2124,3673
2124,3674
2125,3675
2125,3676
2125,3639
2125,3658
2125,3651
2125,3659
2125,3598
2125,3677
2125,3642
2126,3616
2126,3646
2126,3678
2126,3648
2126,3639
2126,3659
2126,3679
2126,3680
2126,3561
2126,3642
2127,3681
2127,3682
2127,3683
2127,3684
2127,3685
2127,3686
2127,3687
2127,3673
2127,3688
2127,3689
2128,3690
2128,3691
2128,3625
2128,3627
2128,3692
2128,3693
2128,3694
2128,3695
2128,3696
2128,3697
2129,3698
2129,3699
2129,3700
2129,3616
2129,3701
2129,3702
2129,3596
2129,3703
2129,3604
2129,3704
2130,3705
2130,3706
2130,3707
2130,3708
2130,3709
2130,3710
2130,3711
2130,3712
2130,3713
2130,3714
2131,3705
2131,3715
2131,3716
2131,3717
2131,3718
2131,3719
2131,3720
2131,3721
2131,3722
2131,3723
2132,3724
2132,3725
2132,3683
2132,3684
2132,3726
2132,3687
2132,3727
2132,3728
2132,3729
2132,3730
2133,2273
2133,3731
2133,3732
2133,3733
2133,3675
2133,3734
2133,3735
2133,3684
2133,3736
2133,3687
2134,3737
2134,3719
2134,3720
2134,3713
2134,3738
2134,3739
2134,3740
2134,3741
2134,3722
2134,3742
2135,319
2135,3616
2135,3743
2135,3589
2135,3618
2135,3563
2135,3706
2135,3744
2135,3745
2135,3746
2136,307
2136,3747
2136,3748
2136,3749
2136,3711
2136,3750
2136,3751
2136,3728
2136,3752
2136,3753
2137,119
2137,216
2137,538
2137,860
2137,1354
2137,300
2137,571
2138,1484
2138,2200
2138,1098
2138,3754
2138,3550
2138,3755
2138,1156
2138,1099
2138,2880
2139,472
2139,882
2139,1371
2139,840
2139,1384
2139,860
2139,1382
2139,3756
2140,1154
2140,858
2140,1383
2140,1451
2140,1068
2140,650
2140,1156
2140,847
2140,139
2140,313
2141,472
2141,463
2141,456
2141,3081
2141,747
2141,677
2141,860
2141,300
2142,699
2142,29
2142,1548
2142,860
2142,1382
2142,571
2142,2834
2142,313
2143,2964
2143,1371
2143,1420
2143,1384
2143,3757
2143,503
2143,1156
2144,191
2144,835
2144,3758
2144,506
2144,3759
2144,3760
2144,3755
2144,1386
2145,1241
2145,708
2145,741
2145,1419
2145,111
2145,3755
2145,3761
2145,2250
2145,2206
2146,310
2146,2189
2146,876
2146,1293
2146,1384
2146,297
2146,1386
2146,884
2146,490
2146,1311
2147,1241
2147,1068
2147,2189
2147,347
2147,3762
2147,860
2147,572
2147,890
2147,2913
2148,871
2148,492
2148,853
2148,835
2148,1548
2148,2835
2148,226
2148,2189
2148,347
2148,3763
2149,491
2149,1397
2149,2270
2149,1425
2149,822
2149,1372
2149,506
2149,2829
2149,1386
2149,3764
2150,1309
2150,1053
2150,103
2150,2189
2150,1402
2150,1420
2150,1293
2150,3761
2150,1386
2150,885
2151,855
2151,29
2151,2240
2151,3765
2151,3755
2151,3766
2151,3761
2151,3767
2151,2206
2151,3768
2152,871
2152,2835
2152,1419
2152,3760
2152,3755
2152,139
2152,67
2152,3517
2153,2200
2153,383
2153,1420
2153,3769
2153,3754
2153,1379
2153,3770
2153,3444
2153,2201
2153,2847
2154,447
2154,855
2154,708
2154,1419
2154,3759
2154,3760
2154,3755
2154,1156
2154,2259
2154,1099
2155,1309
2155,3489
2155,1426
2155,1384
2155,503
2155,3771
2155,2528
2155,3772
2155,2839
2156,814
2156,708
2156,876
2156,870
2156,1384
2156,772
2156,3755
2156,1099
2156,2880
2157,2862
2157,1412
2157,1552
2157,2240
2157,3773
2157,3755
2157,3761
2157,3767
2157,3756
2158,871
2158,886
2158,1548
2158,2189
2158,506
2158,3755
2158,3766
2158,3767
2158,2209
2158,3774
2159,122
2159,1098
2159,1420
2159,1384
2159,1140
2159,139
2159,67
2159,3775
2159,3444
2159,3776
2160,1309
2160,1142
2160,321
2160,1420
2160,1384
2160,503
2160,1156
2160,3777
2161,447
2161,1098
2161,677
2161,1419
2161,870
2161,3760
2161,572
2161,3766
2161,1099
2161,2544
2162,2862
2162,1098
2162,3778
2162,3755
2162,3761
2162,2209
2162,3779
2162,2206
2162,3756
2163,2810
2163,310
2163,1098
2163,1548
2163,3769
2163,2259
2163,2880
2163,3780
2163,3781
2164,886
2164,347
2164,3769
2164,120
2164,1386
2164,139
2164,3782
2164,3783
2165,2240
2165,775
2165,870
2165,503
2165,3434
2165,1156
2165,3468
2165,1411
2165,3435
2166,122
2166,3769
2166,1410
2166,1396
2166,3784
2166,3785
2166,890
2166,2880
2166,3444
2166,3786
2167,1154
2167,814
2167,1098
2167,1068
2167,771
2167,226
2167,2189
2167,3754
2167,570
2167,1384
2168,1304
2168,792
2168,677
2168,822
2168,3760
2168,435
2168,3787
2168,139
2168,3788
2169,3789
2169,1098
2169,3790
2169,2836
2169,3769
2169,3444
2169,3533
2169,2840
2169,3763
2170,1309
2170,1154
2170,1241
2170,2964
2170,1068
2170,885
2170,490
2170,2840
2171,814
2171,659
2171,725
2171,775
2171,3769
2171,3766
2171,885
2171,2838
2171,3791
2172,3792
2172,3793
2172,1098
2172,3790
2172,3769
2172,3760
2172,3755
2172,3766
2172,761
2173,2200
2173,2189
2173,3769
2173,1384
2173,2259
2173,3794
2173,3795
2173,3786
2174,2200
2174,3081
2174,3759
2174,1384
2174,1410
2174,1387
2174,3755
2174,1257
2174,2874
2174,2880
2175,1309
2175,34
2175,321
2175,1420
2175,1384
2175,3534
2175,1386
2175,139
2175,571
2175,2839
2176,2200
2176,639
2176,1241
2176,2862
2176,491
2176,1068
2176,1384
2176,3796
2177,2830
2177,383
2177,1098
2177,1082
2177,3754
2177,3550
2177,3788
2177,2874
2177,3763
2177,3797
2178,871
2178,708
2178,1412
2178,879
2178,1068
2178,2189
2178,515
2179,871
2179,1154
2179,814
2179,677
2179,879
2179,1419
2179,3754
2179,772
2179,1156
2179,983
2180,1397
2180,103
2180,822
2180,3754
2180,1378
2180,229
2180,1140
2180,2257
2180,2880
2181,1128
2181,26
2181,677
2181,863
2181,665
2181,1354
2181,435
2181,3798
2181,692
2182,2237
2182,3790
2182,3759
2182,3788
2182,2209
2182,3799
2182,3795
2182,3763
2182,3800
2183,1309
2183,2830
2183,1098
2183,34
2183,1548
2183,1420
2183,1384
2183,3755
2183,2873
2183,2259
2184,1309
2184,1128
2184,747
2184,1493
2184,853
2184,665
2184,1485
2184,313
2185,1124
2185,1053
2185,456
2185,858
2185,747
2185,674
2185,1548
2185,1372
2185,534
2185,860
2186,814
2186,708
2186,879
2186,1384
2186,860
2186,2190
2187,699
2187,814
2187,1397
2187,1068
2187,226
2187,870
2187,570
2187,411
2187,139
2188,1154
2188,537
2188,29
2188,650
2188,321
2188,226
2188,1420
2188,1137
2188,1384
2189,1501
2189,814
2189,25
2189,169
2189,1059
2189,1068
2189,840
2189,860
2190,2830
2190,1053
2190,428
2190,2964
2190,34
2190,835
2190,1548
2190,3765
2190,194
2191,122
2191,1098
2191,822
2191,1554
2191,1140
2191,3767
2191,139
2191,3779
2191,3801
2192,874
2192,439
2192,674
2192,1548
2192,1372
2192,840
2192,860
2192,1354
2193,858
2193,879
2193,1420
2193,1384
2193,1396
2193,1156
2193,3468
2193,3435
2193,490
2193,3802
2194,1266
2194,1419
2194,534
2194,570
2194,435
2194,3803
2194,3804
2194,3801
2195,1309
2195,191
2195,428
2195,799
2195,1371
2195,1384
2195,139
2195,1311
2195,2880
2196,1309
2196,191
2196,1098
2196,1373
2196,1411
2196,890
2196,1408
2196,3435
2196,2209
2197,179
2197,1501
2197,814
2197,563
2197,169
2197,1068
2197,534
2197,3805
2197,139
2197,313
2198,431
2198,310
2198,1368
2198,2200
2198,1098
2198,3806
2198,2874
2198,698
2198,3807
2199,310
2199,659
2199,538
2199,1419
2199,701
2199,1411
2199,3497
2199,3808
2200,1412
2200,103
2200,877
2200,2189
2200,411
2200,3467
2200,1382
2200,3775
2201,310
2201,659
2201,428
2201,2270
2201,3809
2201,3422
2201,2829
2201,3766
2201,3810
2201,2190
2202,310
2202,396
2202,1385
2202,841
2202,1547
2202,888
2202,534
2202,1384
2202,572
2202,770
2203,871
2203,161
2203,1241
2203,1155
2203,1068
2203,1419
2203,1153
2203,860
2203,3766
2203,3811
2204,310
2204,699
2204,2844
2204,877
2204,1384
2204,1554
2204,3810
2204,3796
2204,3795
2205,1154
2205,814
2205,25
2205,494
2205,888
2205,534
2205,860
2205,572
2205,139
2206,3812
2206,347
2206,1417
2206,3769
2206,3433
2206,3766
2206,3813
2206,3499
2206,3780
2207,29
2208,2844
2208,858
2208,1147
2208,475
2208,1384
2208,571
2208,1099
2209,871
2209,1241
2209,124
2209,822
2209,1419
2209,1153
2209,3755
2209,3766
2209,2190
2209,1156
2210,656
2210,161
2210,657
2210,439
2210,624
2210,677
2210,3766
2210,1099
2210,313
2211,395
2211,814
2211,1080
2211,1059
2211,1548
2211,534
2211,1384
2211,789
2211,3534
2212,1309
2212,1154
2212,563
2212,677
2212,534
2212,1384
2212,860
2212,572
2212,1140
2213,310
2213,3814
2213,3759
2213,789
2213,3755
2213,3815
2213,3766
2213,2880
2213,2224
2214,310
2214,428
2214,799
2214,2836
2214,1414
2214,1386
2214,2259
2214,3782
2214,2231
2215,1370
2215,880
2215,835
2215,1372
2215,321
2215,2879
2215,1426
2215,18
2215,668
2216,310
2216,2964
2216,1425
2216,2835
2216,2879
2216,1401
2216,1137
2216,1384
2216,3778
2216,847
2217,871
2217,675
2217,2200
2217,1241
2217,227
2217,1068
2217,822
2217,775
2217,2829
2217,3779
2218,1171
2218,2964
2218,2270
2218,879
2218,1372
2218,321
2218,676
2218,1410
2218,668
2218,3816
2219,1053
2219,1394
2219,1425
2219,835
2219,1372
2219,3754
2219,1410
2219,1373
2219,3778
2219,668
2220,1400
2220,1372
2220,321
2220,2879
2220,1293
2220,3817
2220,1317
2220,2839
2221,814
2221,29
2221,841
2221,1384
2221,1358
2221,1099
2221,313
2222,883
2222,321
2222,2240
2222,3769
2222,3755
2222,3766
2222,885
2222,732
2222,1099
2223,871
2223,1397
2223,2270
2223,879
2223,835
2223,1142
2223,1372
2223,1137
2223,3818
2224,1154
2224,563
2224,1068
2224,534
2224,572
2224,519
2224,139
2224,313
2224,18
2225,1241
2225,42
2225,853
2225,1080
2225,879
2225,1419
2225,3755
2225,3803
2225,2880
2226,1170
2226,1098
2226,226
2226,2879
2226,2836
2226,1420
2226,1474
2226,1156
2226,1386
2227,1309
2227,3819
2227,1384
2227,503
2227,3534
2227,2880
2227,3429
2227,2848
2228,2214
2229,1412
2229,428
2229,1068
2229,841
2229,111
2229,2257
2229,1423
2230,263
2230,1406
2230,3820
2231,319
2231,1552
2231,1426
2231,3821
2231,3822
2231,2257
2232,1973
2232,879
2232,2581
2232,1406
2232,2257
2232,2207
2233,1483
2233,847
2233,1411
2233,3823
2233,3824
2233,3825
2234,2862
2234,879
2234,1406
2235,3826
2236,310
2236,2899
2236,3827
2237,2238
2237,1406
2238,895
2238,359
2238,1427
2239,310
2239,2862
2239,3828
2239,3821
2240,298
2240,310
2240,428
2240,347
2240,2257
2241,2862
2241,2238
2241,2947
2241,3784
2242,2862
2242,3829
2242,2836
2242,1426
2242,3548
2242,3830
2243,2866
2243,2862
2243,1406
2243,1420
2243,183
2243,3831
2243,2843
2243,3417
2244,2862
2244,3832
2244,3833
2245,1973
2245,1373
2245,1492
2245,2257
2245,1427
2245,3834
2246,310
2246,841
2246,2257
2246,1427
2247,1416
2247,1140
2247,2257
2248,2862
2248,1394
2248,879
2248,1426
2249,2918
2249,3835
2249,890
2249,2655
2249,2206
2250,2862
2250,2238
2251,1416
2251,3491
2251,1075
2252,1973
2252,3836
2252,3837
2252,3823
2253,3838
2253,2946
2253,3839
2254,1370
2254,1400
2254,708
2254,124
2254,1068
2254,1372
2254,3840
2254,3820
2255,19
2255,886
2255,1373
2255,3841
2256,463
2256,440
2257,1973
2257,2238
2257,3842
2258,871
2258,849
2258,1406
2258,111
2258,3843
2258,1549
2258,3844
2259,815
2259,505
2259,997
2259,956
2259,811
2259,901
2259,3845
2259,3846
2259,994
2260,737
2260,3847
2260,2555
2260,3848
2260,3849
2260,3850
2260,3851
2260,3852
2260,3853
2260,3854
2261,3179
2261,3029
2261,3855
2261,1637
2261,3856
2261,3857
2261,2555
2261,3858
2261,3859
2261,3860
2262,197
2262,1783
2262,174
2262,2167
2262,15
2262,3845
2262,2416
2262,3861
2262,3862
2262,3863
2263,1252
2263,505
2263,223
2263,131
2263,811
2263,15
2263,969
2263,3845
2263,1779
2263,3846
2264,3070
2264,3855
2264,1754
2264,809
2264,969
2264,978
2264,3864
2264,3865
2264,3866
2264,3867
2265,498
2265,279
2265,2334
2265,3848
2266,3070
2266,3868
2266,1469
2266,3855
2266,2476
2266,3862
2266,3869
2266,3870
2266,3871
2266,3872
2267,1643
2267,737
2267,1469
2267,3855
2267,1753
2267,2986
2267,1637
2267,1560
2267,3869
2267,3873
2268,3070
2268,737
2268,429
2268,3855
2268,3874
2268,1722
2268,1560
2268,2555
2268,3848
2268,3869
2269,3070
2269,417
2269,2747
2269,3855
2269,1753
2269,1754
2269,2986
2269,969
2269,3875
2269,3876
2270,3175
2270,3119
2270,3250
2270,3877
2270,1637
2270,3878
2270,218
2270,3847
2270,3848
2270,3867
2271,960
2271,3868
2271,1469
2271,3119
2271,429
2271,3855
2271,3326
2271,3874
2271,3848
2271,3879
2272,3070
2272,3868
2272,127
2272,809
2272,3880
2272,3869
2272,3864
2272,3881
2272,3865
2272,3882
2273,3070
2273,1166
2273,3883
2273,273
2273,978
2273,3869
2273,3876
2273,3864
2273,3865
2273,3884
2274,3070
2274,3179
2274,429
2274,3855
2274,1637
2274,3869
2274,3864
2274,3885
2274,3886
2274,3887
2275,417
2275,1556
2275,3888
2275,941
2275,809
2275,667
2275,3856
2275,3889
2275,3885
2275,3890
2276,3070
2276,1556
2276,1795
2276,1564
2276,273
2276,1760
2276,3874
2276,3891
2276,3892
2276,3872
2277,3893
2277,3894
2277,1753
2277,2986
2277,1637
2277,273
2277,3874
2277,1012
2277,3848
2277,3892
2278,3070
2278,3894
2278,120
2278,1753
2278,3798
2278,1754
2278,2986
2278,1637
2278,1012
2278,3892
2279,1756
2279,429
2279,1637
2279,3880
2279,3895
2279,3864
2279,3865
2279,3886
2279,3887
2279,3896
2280,556
2280,1753
2280,3897
2280,3883
2280,1619
2280,3898
2280,1876
2280,2971
2280,3887
2280,3899
2281,3070
2281,956
2281,1469
2281,3855
2281,3900
2281,957
2281,3901
2281,3902
2281,3852
2281,3903
2282,3893
2282,750
2282,1637
2282,3874
2282,2476
2282,3862
2282,3904
2282,3872
2282,3905
2282,3903
2283,956
2283,718
2283,901
2283,3856
2283,3901
2283,3857
2283,3902
2283,2486
2283,3906
2283,3907
2284,3070
2284,3179
2284,287
2284,3855
2284,1569
2284,3869
2284,3902
2284,3881
2284,3907
2284,3908
2285,3070
2285,3900
2285,3898
2285,3909
2285,3869
2285,3895
2285,3864
2285,3865
2285,3887
2285,3899
2286,956
2286,2167
2286,3845
2286,1578
2286,3910
2286,3846
2286,994
2286,3861
2286,3862
2286,3903
2287,505
2287,168
2287,811
2287,441
2287,3862
2287,3911
2287,3872
2288,3070
2288,287
2288,3893
2288,1756
2288,750
2288,1741
2288,3862
2288,800
2288,3903
2288,3912
2289,417
2289,1460
2289,1556
2289,1756
2289,809
2289,3874
2289,3913
2289,3891
2289,3885
2289,3890
2290,2157
2290,1136
2290,811
2290,3878
2290,3901
2290,3845
2290,1012
2290,3862
2290,3906
2290,3903
2291,3070
2291,3243
2291,1637
2291,901
2291,1722
2291,3857
2291,1702
2291,3902
2291,3907
2291,3903
2292,3855
2292,1778
2292,957
2292,3856
2292,3901
2292,3857
2292,3914
2292,3907
2292,3859
2292,3903
2293,3070
2293,1637
2293,3910
2293,3902
2293,2486
2293,3881
2293,3852
2293,3907
2293,3915
2293,3903
2294,3070
2294,3855
2294,3845
2294,3864
2294,3865
2294,3887
2294,3916
2294,3890
2294,3903
2294,3899
2295,516
2295,1059
2295,101
2295,61
2295,166
2295,189
2295,2970
2295,3306
2295,2998
2295,3917
2296,516
2296,798
2296,961
2296,373
2296,1524
2296,546
2296,954
2296,709
2296,989
2296,3918
2297,3919
2297,709
2297,3920
2297,3921
2297,3922
2297,3306
2297,2972
2297,3923
2297,2975
2297,3924
2298,71
2298,145
2298,1059
2298,514
2298,2880
2298,2970
2298,3306
2298,3917
2298,2983
2298,2984
2299,120
2299,709
2299,3925
2299,2970
2299,3306
2299,2998
2299,2972
2299,3224
2299,3926
2299,3248
2300,516
2300,1524
2300,436
2300,168
2300,954
2300,100
2300,131
2300,101
2300,166
2300,3927
2301,145
2301,103
2301,182
2301,168
2301,131
2301,498
2301,101
2301,514
2301,104
2301,3928
2302,182
2302,514
2302,709
2302,3306
2302,2972
2302,2983
2302,3224
2302,2973
2302,2984
2302,3929
2303,3919
2303,3225
2303,3930
2303,3921
2303,3922
2303,2998
2303,3917
2303,3931
2303,3923
2303,3932
2304,516
2304,700
2304,373
2304,436
2304,168
2304,546
2304,508
2304,595
2305,145
2305,1032
2305,373
2305,1524
2305,168
2305,100
2305,101
2305,514
2305,61
2305,3933
2306,71
2306,398
2306,1533
2306,516
2306,1059
2306,101
2306,284
2306,3306
2306,2998
2306,2972
2307,882
2307,168
2307,546
2307,100
2307,219
2307,508
2307,101
2307,284
2307,831
2307,166
2308,1135
2308,436
2308,168
2308,546
2308,572
2308,101
2308,15
2308,631
2309,168
2309,546
2309,131
2309,300
2309,101
2309,111
2309,15
2309,48
2309,166
2309,3934
2310,398
2310,145
2310,182
2310,300
2310,514
2310,3917
2310,3224
2310,3933
2310,3935
2310,3936
2311,546
2311,1166
2311,131
2311,508
2311,101
2311,15
2311,166
2311,3937
2311,3917
2311,3938
2312,1032
2312,798
2312,1524
2312,954
2312,709
2312,3939
2312,3918
2312,2972
2312,3933
2312,3940
2313,516
2313,798
2313,373
2313,100
2313,881
2313,101
2313,3941
2313,726
2313,3939
2313,3918
2314,516
2314,1524
2314,168
2314,954
2314,100
2314,131
2314,101
2314,3941
2314,166
2314,3927
2315,759
2315,120
2315,763
2315,2970
2315,3306
2315,2972
2315,3942
2315,3224
2315,2267
2315,3929
2316,3294
2316,2649
2316,3225
2316,2880
2316,3921
2316,2972
2316,2973
2316,3943
2316,3944
2316,3945
2317,758
2317,3946
2317,3306
2317,2972
2317,3947
2317,3933
2317,2267
2317,2984
2317,3944
2317,3948
2318,729
2318,1474
2318,1534
2318,763
2318,275
2318,3306
2318,2972
2318,3947
2318,3949
2318,3324
2319,438
2319,145
2319,593
2319,101
2319,61
2319,189
2319,3928
2319,2972
2319,3947
2319,3950
2320,168
2320,435
2320,2969
2320,61
2320,166
2320,1583
2320,2972
2320,3951
2320,3952
2320,3953
2321,29
2321,709
2321,2970
2321,3306
2321,2998
2321,2972
2321,3947
2321,3933
2321,2267
2321,2984
2322,759
2322,1035
2322,2967
2322,2972
2322,3942
2322,3947
2322,2984
2322,3954
2322,3935
2322,3929
2323,650
2323,3225
2323,3930
2323,3922
2323,3306
2323,2998
2323,3931
2323,2984
2323,2992
2323,3955
2324,71
2324,3919
2324,3922
2324,3306
2324,3947
2324,2983
2324,3956
2324,3012
2324,3957
2324,2984
2325,19
2325,145
2325,101
2325,3306
2325,2998
2325,3928
2325,3947
2325,3931
2325,3945
2325,3948
2326,184
2326,340
2326,275
2326,3306
2326,2972
2326,3947
2326,3956
2326,3958
2326,3929
2326,3959
2327,815
2327,3960
2327,2967
2327,3306
2327,2998
2327,3917
2327,3947
2327,3931
2327,3961
2327,3962
2328,145
2328,152
2328,3225
2328,3963
2328,3942
2328,3947
2328,3944
2328,3945
2328,3954
2328,3935
2329,145
2329,870
2329,3964
2329,709
2329,3839
2329,366
2329,3928
2329,2972
2329,3947
2329,2979
2330,145
2330,536
2330,572
2330,514
2330,709
2330,3306
2330,2972
2330,3947
2330,3224
2330,3929
2331,227
2331,3306
2331,2998
2331,3917
2331,3947
2331,2983
2331,3012
2331,2984
2331,3944
2331,3948
2332,145
2332,1533
2332,919
2332,320
2332,2967
2332,3928
2332,2972
2332,3947
2332,2984
2332,2975
2333,438
2333,398
2333,168
2333,583
2333,100
2333,101
2333,61
2333,595
2333,166
2333,3951
2334,729
2334,3919
2334,3925
2334,366
2334,3260
2334,3965
2334,2972
2334,3947
2334,2984
2334,3966
2335,145
2335,3964
2335,2613
2335,709
2335,3928
2335,2972
2335,3947
2335,3012
2335,2984
2335,3967
2336,145
2336,556
2336,2970
2336,3306
2336,2998
2336,3928
2336,3968
2336,2983
2336,2984
2336,3945
2337,71
2337,815
2337,3306
2337,2998
2337,3968
2337,2972
2337,3947
2337,2983
2337,3931
2337,3956
2338,310
2338,398
2338,145
2338,556
2338,3306
2338,3947
2338,2983
2338,3224
2338,2984
2338,3929
2339,1059
2339,2969
2339,1054
2339,3969
2339,3951
2339,3970
2339,3933
2339,253
2339,3971
2339,3972
2340,439
2340,581
2340,700
2340,61
2340,3306
2340,3947
2340,3931
2341,592
2341,688
2341,61
2341,285
2341,366
2341,2998
2341,3917
2341,3007
2341,3956
2341,3973
2342,2637
2342,119
2342,516
2342,881
2342,104
2342,3974
2342,284
2342,831
2342,189
2342,2972
2343,184
2343,405
2343,1032
2343,516
2343,972
2343,104
2343,66
2343,3974
2343,284
2343,186
2344,1045
2344,746
2344,405
2344,104
2344,139
2344,629
2344,3974
2344,2972
2344,253
2344,3975
2345,184
2345,516
2345,104
2345,284
2345,186
2345,144
2345,189
2345,3917
2345,3955
2345,3975
2346,3514
2346,710
2346,824
2346,104
2346,3976
2346,763
2346,3977
2346,2967
2346,3947
2346,3978
2347,656
2347,581
2347,467
2347,593
2347,61
2347,631
2347,591
2347,3306
2347,3917
2347,3952
2348,168
2348,665
2348,61
2348,104
2348,709
2348,3306
2348,3951
2348,3952
2348,3953
2348,3971
2349,168
2349,61
2349,340
2349,706
2349,709
2349,3306
2349,3928
2349,3947
2349,3952
2349,2973
2350,656
2350,516
2350,168
2350,673
2350,279
2350,726
2350,61
2350,144
2350,3917
2350,3000
2351,516
2351,729
2351,61
2351,104
2351,144
2351,631
2351,166
2351,1583
2351,2972
2351,3971
2352,467
2352,436
2352,593
2352,61
2352,631
2352,166
2352,3952
2353,3979
2353,908
2353,3964
2353,366
2353,3011
2353,3260
2353,2972
2353,3303
2353,3947
2353,3980
2354,537
2354,1511
2354,725
2354,646
2354,498
2354,2998
2354,2972
2354,3981
2354,3931
2354,3233
2355,3893
2355,104
2355,275
2355,3982
2355,2967
2355,2972
2355,253
2355,3983
2355,3984
2355,3985
2356,3986
2356,3987
2356,3988
2356,3964
2356,3035
2356,3572
2356,2972
2356,3981
2356,3989
2356,3975
2357,145
2357,709
2357,3260
2357,3965
2357,3949
2357,3990
2357,3991
2357,3324
2357,3985
2357,3975
2358,1500
2358,228
2358,3988
2358,2972
2358,3992
2358,3993
2358,253
2358,3994
2358,3995
2358,3975
2359,145
2359,373
2359,182
2359,2969
2359,104
2359,284
2359,1583
2359,2972
2359,1536
2359,3996
2360,544
2360,103
2360,548
2360,182
2360,104
2360,66
2360,709
2360,2972
2360,3947
2360,3933
2361,1412
2361,2967
2361,3306
2361,3928
2361,3007
2361,2983
2361,3954
2361,3997
2361,3998
2361,3999
2362,3979
2362,1524
2362,272
2362,3977
2362,4000
2362,3951
2362,3947
2362,253
2362,3953
2362,3971
2363,145
2363,729
2363,4001
2363,3988
2363,3964
2363,2972
2363,4002
2363,4003
2363,4004
2363,3972
2364,507
2364,168
2364,101
2364,61
2364,284
2364,166
2364,3969
2364,3951
2364,3947
2364,2973
2365,310
2365,435
2365,265
2365,709
2365,3306
2365,3011
2365,3917
2365,3951
2365,3948
2365,4005
2366,1412
2366,366
2366,2967
2366,3306
2366,3928
2366,3007
2366,3954
2366,3997
2366,3998
2366,3999
2367,168
2367,101
2367,104
2367,284
2367,3306
2367,3928
2367,3951
2367,3947
2367,3953
2367,3948
2368,1
2368,179
2368,165
2368,887
2368,590
2368,291
2368,101
2368,313
2368,3917
2368,3953
2369,1
2369,19
2369,887
2369,593
2369,4006
2369,4007
2370,219
2370,104
2370,284
2370,2834
2370,3306
2370,3953
2370,4008
2370,4009
2370,3948
2370,4010
2371,33
2371,4011
2371,1166
2371,104
2371,1456
2371,3977
2371,3937
2371,3947
2371,3933
2371,3978
2372,119
2372,516
2372,100
2372,131
2372,120
2372,61
2372,3977
2372,3937
2372,3306
2372,3917
2373,310
2373,438
2373,592
2373,159
2373,290
2373,4011
2373,104
2373,4012
2373,3977
2373,3917
2374,191
2374,494
2374,1153
2374,101
2374,542
2374,4006
2374,763
2374,2972
2374,4013
2374,3972
2375,310
2375,2919
2375,33
2375,67
2375,69
2375,3937
2375,4014
2375,3953
2375,3995
2375,4007
2376,1166
2376,808
2376,692
2376,1456
2376,1876
2376,3977
2376,3937
2376,3306
2376,4000
2376,4015
2377,145
2377,709
2377,3216
2377,3977
2377,3937
2377,3011
2377,2972
2377,3951
2377,3224
2377,3972
2378,290
2378,216
2378,279
2378,726
2378,217
2378,61
2378,104
2378,166
2378,3951
2378,2973
2379,1978
2379,1153
2379,508
2379,808
2379,340
2379,1456
2379,3306
2379,4000
2379,3947
2379,3956
2380,1
2380,516
2380,1413
2380,4016
2380,4012
2380,3014
2380,3977
2380,3917
2380,3955
2380,4017
2381,168
2381,100
2381,279
2381,101
2381,61
2381,104
2381,144
2381,166
2381,3917
2381,3951
2382,735
2382,1978
2382,100
2382,808
2382,1054
2382,189
2382,3306
2382,3917
2382,4000
2382,4018
2383,1166
2383,808
2383,173
2383,1456
2383,1876
2383,3937
2383,3306
2383,4000
2383,3947
2383,4019
2384,3919
2384,3225
2384,3964
2384,4012
2384,4020
2384,4014
2384,3966
2384,4013
2384,4021
2384,4007
2385,71
2385,1978
2385,1166
2385,3977
2385,3937
2385,3306
2385,2972
2385,3947
2385,3224
2385,4015
2386,1978
2386,4011
2386,61
2386,1456
2386,3977
2386,3937
2386,3306
2386,4000
2386,2972
2386,4015
2387,33
2387,1166
2387,808
2387,772
2387,1456
2387,1583
2387,3977
2387,3937
2387,3306
2387,4022
2388,887
2388,674
2388,61
2388,3937
2388,3306
2388,3917
2388,4000
2388,3947
2388,3958
2388,4019
2389,1
2389,563
2389,215
2389,366
2389,4012
2389,3306
2389,3917
2389,4000
2389,3956
2389,1301
2390,71
2390,735
2390,729
2390,4011
2390,1166
2390,3976
2390,3937
2390,3306
2390,3917
2390,4000
2391,1
2391,887
2391,168
2391,1059
2391,279
2391,101
2391,61
2391,166
2391,3917
2391,3951
2392,417
2392,173
2392,69
2392,1583
2392,3035
2392,3942
2392,3947
2392,3978
2392,2975
2392,3953
2393,4011
2393,1153
2393,1784
2393,2632
2393,702
2393,3977
2393,3306
2393,4023
2393,4000
2393,3935
2394,785
2394,887
2394,168
2394,674
2394,279
2394,593
2394,166
2394,3917
2394,3947
2394,3224
2395,1032
2395,516
2395,131
2395,1847
2395,1784
2395,441
2395,166
2395,3977
2395,3917
2395,4023
2396,154
2396,581
2396,703
2396,61
2396,166
2396,3977
2396,3917
2397,1058
2397,516
2397,100
2397,101
2397,61
2397,366
2397,3977
2397,3917
2397,3956
2397,527
2398,405
2398,588
2398,92
2398,279
2398,104
2398,284
2398,3306
2398,3947
2398,3953
2398,4024
2399,179
2399,516
2399,548
2399,100
2399,61
2399,104
2399,166
2399,3937
2399,3917
2399,4000
2400,310
2400,179
2400,735
2400,131
2400,101
2400,1456
2400,166
2400,4025
2400,3947
2400,3933
2401,154
2401,467
2401,700
2401,104
2401,631
2401,166
2401,3306
2401,3917
2401,3953
2402,507
2402,729
2402,3928
2402,3947
2402,3961
2402,3952
2402,3012
2402,3953
2402,4026
2402,3971
2403,438
2403,656
2403,1138
2403,581
2403,4011
2403,104
2403,441
2403,3306
2403,3917
2403,4018
2404,1978
2404,366
2404,3977
2404,3937
2404,3306
2404,3917
2404,4000
2404,3956
2404,3949
2404,4015
2405,1978
2405,725
2405,296
2405,215
2405,366
2405,3977
2405,3306
2405,3917
2405,4000
2405,3956
2406,563
2406,1059
2406,219
2406,101
2406,1784
2406,73
2406,284
2406,1583
2406,3977
2406,4023
2407,4027
2407,1053
2407,41
2407,152
2407,51
2407,4025
2407,3933
2407,3984
2407,4028
2407,4029
2408,735
2408,33
2408,1032
2408,1059
2408,1456
2408,366
2408,3306
2408,3917
2408,4000
2408,3956
2409,1153
2409,60
2409,61
2409,156
2409,831
2409,3306
2409,2998
2409,4000
2409,2972
2409,4030
2410,438
2410,656
2410,439
2410,590
2410,749
2410,131
2410,156
2410,3977
2410,3917
2410,743
2411,1847
2411,48
2411,1583
2411,3964
2411,3977
2411,3951
2411,3224
2411,4013
2411,3995
2411,3972
2412,776
2412,1032
2412,516
2412,4011
2412,100
2412,131
2412,101
2412,1784
2412,52
2412,4023
2413,1032
2413,4011
2413,3581
2413,1784
2413,284
2413,1415
2413,18
2413,3977
2413,4023
2413,4031
2414,1
2414,674
2414,100
2414,593
2414,104
2414,284
2414,1456
2414,3977
2414,4000
2414,1301
2415,71
2415,887
2415,131
2415,475
2415,593
2415,61
2415,166
2415,3977
2415,3917
2415,4032
2416,103
2416,229
2416,104
2416,284
2416,1456
2416,3977
2416,3306
2416,4000
2416,2972
2416,4033
2417,103
2417,229
2417,104
2417,284
2417,200
2417,1456
2417,3977
2417,3306
2417,4000
2417,4034
2418,735
2418,145
2418,508
2418,709
2418,366
2418,3977
2418,3917
2418,3956
2418,1301
2418,2979
2419,495
2419,103
2419,374
2419,229
2419,104
2419,3306
2419,3917
2419,4000
2419,3956
2419,3958
2420,438
2420,656
2420,4011
2420,3977
2420,3917
2421,1
2421,104
2421,3832
2421,763
2421,3014
2421,3937
2421,3306
2421,4014
2421,3953
2421,4007
2422,1
2422,1978
2422,215
2422,856
2422,4012
2422,3977
2422,3252
2422,3306
2422,4000
2422,3947
2423,1
2423,71
2423,103
2423,4011
2423,229
2423,104
2423,3977
2423,3917
2423,4000
2423,1301
2424,151
2424,859
2424,131
2424,228
2424,2649
2424,3964
2424,3977
2424,2972
2424,3224
2424,3972
2425,1524
2425,215
2425,1153
2425,104
2425,3035
2425,3306
2425,3947
2425,4035
2425,3953
2425,4030
2426,656
2426,103
2426,516
2426,700
2426,279
2426,229
2426,104
2426,3977
2426,4000
2427,858
2427,507
2427,4000
2427,2972
2427,3947
2427,3978
2427,3948
2427,3929
2427,1299
2427,4036
2428,3514
2428,4037
2428,366
2428,4038
2428,3965
2428,2972
2428,3942
2428,3947
2428,3003
2428,4039
2429,2880
2429,3977
2429,3306
2429,3928
2429,3260
2429,3303
2429,3947
2429,2984
2429,3948
2429,4040
2430,3514
2430,2880
2430,3928
2430,3260
2430,3965
2430,2972
2430,3303
2430,3942
2430,2984
2430,4041
2431,3514
2431,824
2431,3260
2431,3303
2431,3942
2431,3947
2431,2984
2431,3978
2431,4030
2431,4042
2432,513
2432,3260
2432,3965
2432,4000
2432,3303
2432,3947
2432,4030
2432,4039
2432,4036
2432,4042
2433,824
2433,808
2433,3306
2433,3260
2433,3303
2433,3942
2433,2984
2433,3978
2433,4039
2433,4042
2434,808
2434,3306
2434,3260
2434,3965
2434,3303
2434,3947
2434,3933
2434,4043
2434,3978
2434,4015
2435,908
2435,215
2435,2970
2435,3977
2435,3306
2435,3011
2435,3260
2435,3303
2435,2984
2435,4040
2436,46
2436,4011
2436,3035
2436,3252
2436,3306
2436,3260
2436,3965
2436,4000
2436,2972
2436,3303
2437,1456
2437,3946
2437,3965
2437,4000
2437,2972
2437,4044
2437,4045
2437,4046
2437,4039
2437,4042
2438,152
2438,340
2438,763
2438,3977
2438,3306
2438,3260
2438,4000
2438,3947
2438,3956
2438,3978
2439,3514
2439,184
2439,173
2439,647
2439,275
2439,3306
2439,3928
2439,3942
2439,2973
2439,3978
2440,33
2440,1524
2440,1166
2440,647
2440,706
2440,3977
2440,3306
2440,3928
2440,3963
2440,4042
2441,248
2441,215
2441,983
2441,3216
2441,3977
2441,3252
2441,3306
2441,3011
2441,3260
2441,3965
2442,1978
2442,248
2442,647
2442,3977
2442,3306
2442,3011
2442,3260
2442,3303
2442,4030
2442,4042
2443,592
2443,290
2443,291
2443,674
2443,100
2443,3977
2443,3306
2443,2998
2443,3917
2443,3947
2444,103
2444,100
2444,131
2444,101
2444,1784
2444,229
2444,74
2444,284
2444,3917
2444,4023
2445,497
2445,1431
2445,297
2445,2972
2445,4047
2445,4048
2445,3985
2445,3934
2445,3995
2445,3975
2446,191
2446,972
2446,104
2446,3974
2446,647
2446,2970
2446,3224
2446,2973
2446,3003
2446,3934
2447,1362
2447,646
2447,983
2447,647
2447,3977
2447,3306
2447,4000
2447,3224
2447,3934
2447,4049
2448,100
2448,61
2448,104
2448,3974
2448,284
2448,189
2448,2998
2448,3931
2448,3281
2448,3948
2449,2880
2449,2998
2449,3260
2449,3965
2449,4000
2449,2972
2449,3303
2449,3942
2449,3956
2449,2984
2450,19
2450,227
2450,972
2450,104
2450,3974
2450,647
2450,3252
2450,3224
2450,2973
2450,3003
2451,296
2451,1490
2451,1153
2451,374
2451,104
2451,284
2451,647
2451,2970
2451,3977
2451,3948
2452,310
2452,1978
2452,103
2452,92
2452,215
2452,1153
2452,572
2452,104
2452,4000
2452,3934
2453,1978
2453,100
2453,498
2453,1153
2453,61
2453,104
2453,3977
2453,2998
2453,3917
2453,3948
2454,3294
2454,601
2454,195
2454,104
2454,647
2454,4050
2454,3003
2454,4051
2454,4052
2454,3948
2455,747
2455,3306
2455,2998
2455,3303
2455,2983
2455,3961
2455,3012
2455,2984
2455,3955
2455,3934
2456,296
2456,92
2456,1490
2456,297
2456,104
2456,284
2456,647
2456,289
2456,3934
2456,3975
2457,4053
2458,4054
2458,4055
2459,1927
2459,4056
2459,4057
2459,4058
2460,1154
2460,814
2460,2199
2460,751
2460,1059
2460,1414
2460,1419
2460,4059
2461,656
2461,1376
2461,279
2462,1266
2462,1154
2462,1370
2462,428
2462,523
2462,822
2462,1414
2462,3883
2463,1376
2463,1177
2463,844
2463,991
2463,840
2463,631
2464,1154
2464,786
2464,1393
2464,1394
2464,2189
2464,1147
2464,1405
2464,4060
2464,1423
2465,1495
2465,456
2465,124
2465,563
2465,1354
2465,111
2466,792
2466,1154
2466,1068
2466,1147
2466,991
2466,1417
2466,1418
2466,557
2467,656
2467,439
2467,858
2467,440
2467,482
2467,156
2467,866
2468,1154
2468,1370
2468,624
2468,440
2468,1493
2468,2270
2468,1147
2468,866
2469,158
2469,656
2469,657
2469,1376
2469,440
2469,1147
2469,1354
2469,279
2470,1154
2470,1370
2470,502
2470,756
2470,991
2470,1137
2470,570
2470,1389
2470,4061
2471,852
2471,639
2471,862
2471,1371
2471,697
2471,991
2471,1354
2471,2899
2471,2834
2472,456
2472,822
2472,665
2472,697
2472,840
2472,1354
2472,279
2472,726
2473,673
2473,859
2473,1493
2473,840
2473,1374
2474,1370
2474,472
2474,25
2474,216
2474,756
2474,1147
2474,1417
2474,1373
2475,179
2475,540
2475,1154
2475,1370
2475,624
2475,2270
2475,1147
2475,860
2475,3796
2476,1097
2476,3814
2476,881
2476,1372
2476,1373
2476,1392
2476,1418
2476,2873
2476,3472
2477,540
2477,1370
2477,592
2477,814
2477,786
2477,1147
2477,1419
2477,534
2477,840
2478,396
2478,439
2478,472
2478,814
2478,440
2478,1371
2478,881
2478,1147
2479,651
2479,463
2479,440
2479,844
2479,570
2479,1373
2479,4062
2480,814
2480,1376
2480,1394
2480,1147
2480,1354
2480,482
2480,692
2480,4063
2481,624
2481,1397
2481,1493
2481,756
2481,1391
2481,1414
2481,1373
2481,2259
2481,4064
2482,310
2482,2862
2482,3814
2482,2270
2482,1417
2482,4065
2483,580
2483,2523
2483,874
2483,639
2483,673
2483,863
2483,991
2483,1354
2484,792
2484,1154
2484,656
2484,472
2484,673
2484,440
2484,756
2484,844
2484,1147
2485,1135
2485,159
2485,867
2485,624
2485,1417
2485,1354
2485,111
2486,311
2486,1376
2486,2850
2486,845
2486,482
2486,3496
2486,4066
2487,792
2487,1376
2487,834
2487,1405
2487,840
2487,279
2487,4063
2488,852
2488,1154
2488,1370
2488,814
2488,2891
2488,1423
2488,1418
2488,4067
2489,1266
2489,1370
2489,624
2489,1412
2489,2199
2489,1147
2489,534
2489,840
2489,1354
2490,540
2490,814
2490,894
2490,110
2490,840
2490,1354
2490,279
2491,2270
2491,1100
2491,991
2491,1417
2491,430
2492,540
2492,700
2492,440
2492,1493
2492,1414
2492,1354
2493,792
2493,212
2493,1154
2493,1370
2493,870
2493,1398
2493,860
2493,4062
2493,4063
2494,656
2494,472
2494,110
2494,440
2494,845
2494,1147
2494,482
2494,156
2495,1495
2495,472
2495,1376
2495,1059
2495,665
2495,697
2495,1354
2495,279
2496,1370
2496,1252
2496,1493
2496,756
2496,1147
2496,840
2496,2834
2497,656
2497,440
2497,1147
2497,482
2497,156
2497,67
2497,631
2498,1128
2498,311
2498,110
2498,1493
2498,1372
2498,1147
2498,3815
2499,1899
2499,4068
2499,1417
2499,3548
2499,4069
2499,4062
2499,4070
2500,580
2500,310
2500,439
2500,747
2500,546
2500,842
2500,840
2501,396
2501,398
2501,428
2501,1155
2501,1059
2501,1401
2501,991
2501,3551
2502,589
2502,1154
2502,1370
2502,641
2502,226
2502,1147
2502,111
2502,3466
2503,1138
2503,1376
2503,771
2503,860
2504,2232
2504,1425
2504,2961
2504,1396
2504,861
2504,4071
2504,4063
2504,4070
2504,4072
2505,1370
2505,4068
2505,848
2505,841
2505,845
2505,1147
2505,111
2506,1252
2506,1417
2506,482
2507,310
2507,1370
2507,1484
2507,639
2507,741
2507,1372
2507,1147
2507,1153
2507,2190
2508,656
2508,639
2508,882
2508,991
2508,1354
2508,631
2509,894
2509,156
2509,836
2510,1154
2510,1394
2510,1548
2510,2240
2510,991
2510,1419
2510,692
2510,4073
2511,396
2511,747
2511,853
2511,3581
2511,1080
2511,1147
2511,3765
2512,540
2512,472
2512,1376
2512,1397
2512,840
2512,570
2512,536
2512,73
2513,310
2513,1412
2513,1419
2513,1417
2513,872
2513,139
2513,1374
2513,3803
2514,786
2514,641
2514,1412
2514,1147
2514,840
2514,1374
2514,4062
2514,4063
2515,1045
2515,310
2515,456
2515,1394
2515,1354
2515,2834
2516,656
2516,161
2516,463
2516,844
2516,1147
2516,1373
2516,156
2517,1171
2517,2226
2517,1397
2517,502
2517,879
2517,1372
2517,3754
2518,2810
2518,1414
2518,1417
2518,2899
2518,4063
2518,4065
2519,656
2519,639
2519,1495
2519,472
2519,882
2519,534
2520,179
2520,1154
2520,158
2520,25
2520,641
2520,862
2520,1424
2520,435
2520,4074
2520,3448
2521,1376
2521,1412
2521,1493
2521,1147
2521,991
2521,726
2522,161
2522,2238
2522,570
2522,435
2522,482
2522,2454
2522,2834
2523,1397
2523,4075
2523,742
2523,789
2523,3467
2523,873
2523,139
2523,2259
2523,4076
2523,3429
2524,1154
2524,311
2524,814
2524,110
2524,1147
2524,482
2524,884
2524,1317
2524,139
2525,1154
2525,108
2525,1397
2525,710
2525,226
2525,1147
2525,570
2526,714
2526,1484
2526,148
2526,879
2526,876
2526,3842
2526,3815
2526,2936
2526,4077
2527,581
2528,541
2528,862
2528,1284
2528,1404
2528,435
2528,229
2529,540
2529,1128
2529,747
2529,440
2529,841
2529,1404
2530,1128
2530,1501
2530,650
2530,223
2530,135
2530,591
2531,90
2531,1059
2531,135
2531,4078
2531,1945
2532,541
2532,447
2532,438
2532,159
2532,882
2532,1124
2532,673
2532,388
2533,1405
2533,4078
2533,174
2533,1945
2533,2990
2534,2957
2534,855
2534,1978
2534,880
2534,1503
2534,1504
2534,1394
2534,1404
2534,872
2535,540
2535,462
2535,677
2535,1404
2535,888
2535,840
2535,909
2535,692
2536,874
2536,1453
2536,456
2536,154
2536,700
2536,440
2536,29
2536,2581
2536,840
2537,540
2537,1501
2537,639
2537,882
2537,1059
2537,131
2537,2990
2537,2834
2537,591
2538,874
2538,1128
2538,841
2538,650
2538,1354
2538,909
2538,680
2538,1054
2538,4079
2539,110
2539,505
2539,673
2539,440
2540,263
2540,592
2540,319
2540,290
2540,249
2540,2270
2540,226
2540,1564
2540,947
2541,438
2541,439
2541,1124
2541,154
2541,590
2541,440
2542,1128
2542,639
2542,882
2542,196
2542,1059
2542,131
2542,1354
2542,482
2542,1054
2542,571
2543,2216
2543,841
2543,1485
2543,229
2543,1488
2543,361
2543,2911
2544,874
2544,540
2544,541
2544,226
2544,840
2544,2990
2544,2834
2545,638
2545,651
2545,853
2545,841
2545,1547
2545,2990
2545,1767
2545,4080
2546,871
2546,196
2546,1284
2546,1142
2546,321
2546,1822
2546,3422
2546,2990
2546,1761
2547,874
2547,639
2547,1547
2548,1170
2548,638
2548,319
2548,1404
2548,120
2548,3422
2548,229
2549,639
2549,2270
2549,1547
2549,665
2549,840
2549,272
2550,540
2550,447
2550,814
2550,463
2550,495
2550,1059
2550,1354
2550,156
2551,540
2551,854
2551,659
2551,677
2551,2270
2551,223
2551,226
2551,840
2551,508
2552,638
2552,538
2552,879
2552,841
2552,1547
2552,847
2552,1054
2553,854
2553,1977
2553,1547
2553,1418
2553,4079
2554,1329
2554,814
2554,1284
2554,841
2554,1547
2554,3422
2554,1054
2555,638
2555,814
2555,841
2555,2836
2555,4081
2555,3466
2555,1317
2555,4082
2555,1466
2555,4083
2556,1553
2556,841
2556,4084
2556,1404
2556,1478
2557,143
2557,657
2557,1376
2557,624
2557,156
2558,338
2558,19
2558,887
2558,882
2558,867
2558,2902
2558,4085
2558,3615
2558,4086
2558,4087
2559,804
2559,786
2559,1453
2559,227
2559,4088
2559,4089
2559,4090
2559,4091
2559,4087
2559,4092
2560,1501
2560,886
2560,845
2560,1483
2560,878
2560,2250
2560,2834
2561,1416
2561,849
2561,1402
2561,878
2561,4093
2561,2190
2561,4094
2561,4095
2562,310
2562,870
2562,374
2562,361
2562,3478
2562,2250
2563,77
2563,1383
2563,2189
2563,1483
2563,3828
2563,359
2563,361
2563,3478
2563,2911
2564,307
2564,2190
2564,4096
2565,874
2565,849
2565,708
2565,428
2565,1371
2565,2190
2566,792
2566,854
2566,814
2566,1415
2566,4097
2567,310
2567,875
2567,881
2567,1386
2567,2909
2568,854
2568,2226
2568,741
2568,111
2568,1415
2568,4097
2569,871
2569,849
2569,1483
2569,1423
2569,359
2569,847
2569,2953
2569,893
2570,1507
2570,59
2570,1394
2570,1483
2570,3499
2570,1386
2570,4098
2571,871
2571,875
2571,880
2571,568
2571,856
2571,1386
2571,847
2571,2259
2571,571
2572,1398
2572,3526
2572,2242
2572,1145
2572,4070
2572,4099
2572,4100
2573,71
2573,785
2573,110
2573,841
2573,1483
2573,694
2573,359
2573,838
2573,156
2573,4096
2574,1507
2574,431
2574,2216
2574,886
2574,430
2574,895
2575,3521
2575,2897
2575,1145
2575,3774
2575,2228
2576,2221
2576,2918
2576,1453
2576,4101
2576,568
2576,4102
2576,4103
2576,4104
2577,2232
2577,338
2577,4105
2577,383
2577,3521
2577,1384
2577,359
2577,361
2577,3493
2578,1507
2578,1373
2578,893
2578,193
2578,4106
2579,871
2579,2918
2579,2937
2579,886
2579,3754
2579,4107
2579,847
2579,361
2579,4108
2580,854
2580,849
2580,785
2580,472
2580,708
2580,156
2581,25
2581,665
2581,1415
2581,4097
2582,2850
2582,2910
2582,2901
2582,359
2582,4109
2582,4110
2582,1145
2582,4111
2583,1045
2583,659
2583,1373
2583,1386
2583,326
2583,3834
2583,893
2583,4096
2584,1045
2584,2830
2584,1500
2584,2937
2584,3842
2584,4112
2584,1200
2584,4110
2584,4113
2585,1255
2585,2226
2585,814
2585,786
2585,1421
2585,110
2585,1386
2585,1415
2586,1255
2586,1097
2586,148
2586,567
2586,4114
2586,1354
2586,359
2586,1386
2587,1255
2587,875
2587,1059
2587,3499
2587,847
2587,4096
2588,310
2588,639
2588,25
2588,1376
2588,878
2588,359
2588,1386
2588,2239
2589,1097
2589,4115
2590,538
2590,326
2590,3834
2590,2208
2591,814
2591,1097
2591,359
2591,4097
2592,580
2592,491
2592,108
2592,886
2592,3834
2593,2232
2593,877
2593,3828
2593,850
2593,183
2593,1447
2593,2215
2594,3828
2594,4116
2594,847
2594,3478
2594,1447
2594,4117
2595,639
2595,875
2595,1383
2595,1483
2595,359
2595,838
2595,4096
2595,837
2596,1501
2596,785
2596,639
2596,859
2596,878
2596,1423
2596,1386
2597,25
2597,1097
2597,110
2597,853
2598,396
2598,849
2598,491
2598,875
2598,538
2598,1483
2598,870
2598,359
2598,3478
2599,875
2599,1483
2599,359
2599,856
2599,1386
2599,361
2599,422
2599,2909
2599,764
2600,431
2600,875
2600,797
2600,4118
2600,1483
2600,3499
2600,359
2600,1386
2600,847
2600,837
2601,122
2601,538
2601,1552
2601,307
2601,870
2601,65
2602,785
2602,4119
2603,785
2603,1059
2604,785
2604,73
2605,161
2605,659
2605,428
2605,135
2605,3496
2606,882
2606,247
2606,1973
2606,148
2606,741
2606,845
2606,3572
2607,1304
2607,567
2607,4120
2607,362
2607,4121
2607,4122
2608,4123
2608,1973
2608,4124
2608,4125
2609,580
2609,4126
2609,1370
2609,2216
2609,2656
2609,247
2609,3521
2609,881
2609,851
2610,1045
2610,1453
2610,247
2610,498
2610,300
2610,1415
2610,189
2611,179
2611,247
2611,216
2611,853
2611,756
2611,1554
2612,1978
2612,247
2612,1412
2612,880
2612,1383
2612,4037
2612,1426
2612,4127
2612,4128
2613,1484
2613,544
2613,91
2613,858
2613,243
2613,316
2613,4129
2613,4130
2613,134
2613,4131
2614,431
2614,2957
2614,544
2614,4132
2614,4133
2614,2585
2614,326
2614,2588
2614,4134
2614,4135
2615,221
2615,786
2615,855
2615,185
2615,4133
2615,278
2615,594
2615,4136
2615,170
2615,4137
2616,431
2616,3789
2616,185
2616,1053
2616,91
2616,1491
2616,1492
2616,851
2616,1440
2616,4138
2617,431
2617,1266
2617,161
2617,185
2617,278
2617,1394
2617,536
2617,851
2617,4139
2617,1272
2618,431
2618,4140
2618,4133
2618,1242
2618,1492
2618,851
2618,1064
2618,1408
2618,1448
2618,4134
2619,540
2619,463
2619,227
2619,4133
2619,2962
2619,156
2620,1982
2620,145
2620,851
2620,4136
2620,4139
2620,3844
2620,4141
2620,4142
2620,4143
2620,4134
2621,431
2621,1135
2621,165
2621,1376
2621,786
2621,641
2621,199
2621,495
2621,4133
2621,492
2622,431
2622,1128
2622,311
2622,151
2622,82
2622,495
2622,91
2622,201
2622,286
2622,4144
2623,874
2623,663
2623,91
2623,498
2623,1153
2623,838
2623,1440
2623,4142
2623,4095
2623,4131
2624,431
2624,639
2624,91
2624,858
2624,139
2624,5
2624,422
2624,48
2624,112
2624,1181
2625,431
2625,185
2625,858
2625,4145
2625,1151
2625,376
2625,3844
2625,1342
2625,4141
2625,4146
2626,429
2626,1583
2626,3942
2626,3003
2626,2984
2626,4147
2627,248
2627,417
2627,3988
2627,547
2627,3007
2627,3942
2627,3945
2628,1077
2628,3942
2628,2973
2628,3945
2628,4148
2628,4149
2628,4147
2628,4150
2629,601
2629,417
2629,1583
2629,3003
2629,3978
2629,4151
2630,1077
2630,3961
2630,2973
2630,3012
2630,4152
2631,248
2631,824
2631,275
2631,3942
2631,4153
2631,3945
2631,4154
2632,601
2632,248
2632,1077
2632,808
2632,266
2632,1120
2632,4155
2632,3965
2632,2984
2632,4156
2633,601
2633,259
2633,3942
2633,3961
2633,3012
2633,2984
2633,4147
2634,4157
2634,4155
2634,3965
2634,3012
2634,4156
2634,4151
2634,4158
2635,259
2635,3988
2635,3942
2635,3961
2635,3012
2635,2975
2635,3945
2635,4147
2636,3964
2636,4159
2636,3963
2636,3961
2636,2973
2636,2975
2636,3945
2636,2980
2636,2981
2636,4160
2637,3988
2637,3252
2637,3007
2637,3003
2637,3945
2638,919
2638,3961
2638,3012
2638,3003
2638,4161
2638,3945
2639,601
2639,1032
2639,808
2639,3988
2639,4025
2639,3011
2639,2983
2639,4162
2639,2997
2640,3988
2640,3942
2640,2984
2640,4163
2640,3945
2640,4164
2640,4150
2640,4165
2641,3988
2641,3003
2641,3978
2641,2975
2641,3944
2641,3945
2641,4166
2642,601
2642,248
2642,4155
2642,3965
2642,2984
2642,2997
2642,4158
2643,3942
2643,2973
2643,3945
2644,248
2644,2970
2644,3011
2644,3007
2644,2983
2644,3003
2645,248
2645,3988
2645,3011
2645,3007
2645,3003
2645,3978
2645,2975
2645,4167
2646,601
2646,248
2646,972
2646,3011
2646,3007
2646,2983
2646,2973
2646,3003
2646,2984
2647,513
2647,4155
2647,3961
2647,3012
2647,4168
2647,3003
2647,2984
2648,1553
2648,683
2648,4169
2648,3921
2648,3922
2648,4170
2648,3312
2648,4171
2649,4172
2649,4159
2649,2972
2649,4047
2649,4173
2649,3954
2649,4174
2649,4175
2649,4176
2650,4172
2650,1032
2650,516
2650,373
2650,1077
2650,3969
2650,4025
2650,3917
2650,4177
2650,4178
2651,34
2651,3988
2651,770
2651,3252
2651,3942
2651,3003
2651,3978
2652,758
2652,429
2652,3988
2652,3943
2652,4179
2652,3944
2652,2979
2653,649
2653,601
2653,248
2653,3988
2653,4180
2653,2983
2653,3961
2653,3012
2653,2984
2654,601
2654,41
2654,259
2654,3988
2654,3007
2654,3942
2654,3961
2654,3943
2654,4158
2654,3935
2655,649
2655,759
2655,3988
2655,3942
2655,3961
2655,3012
2655,3323
2656,649
2656,808
2656,3988
2656,3942
2656,4162
2656,2984
2656,3983
2656,4178
2657,826
2657,601
2657,248
2657,202
2657,759
2657,1077
2657,3988
2657,763
2657,2983
2658,601
2658,811
2658,3942
2658,3961
2658,3012
2658,4161
2658,3945
2658,4178
2659,1077
2659,4155
2659,3961
2659,4181
2659,3012
2659,4161
2659,3005
2659,4182
2659,4183
2659,4158
2660,919
2660,718
2660,3
2660,3942
2660,3961
2660,3012
2660,2975
2660,4161
2660,4184
2661,601
2661,3988
2661,3252
2661,3007
2661,3942
2661,2973
2661,3945
2662,693
2662,601
2662,248
2662,919
2662,259
2662,3942
2662,2983
2662,2973
2663,3963
2663,3942
2663,3961
2663,3012
2663,2975
2663,3954
2663,3935
2664,3988
2664,3225
2664,4185
2664,3942
2664,2975
2664,3945
2664,4150
2665,601
2665,3961
2665,3012
2665,4161
2665,3945
2666,34
2666,808
2666,827
2666,3988
2666,3942
2666,3961
2666,3012
2666,3003
2666,3945
2667,3961
2667,3012
2667,3944
2667,3945
2667,2980
2667,4147
2668,3988
2668,3225
2668,3963
2668,4186
2668,4187
2668,3248
2668,2975
2669,1556
2669,259
2669,1035
2669,3252
2669,3942
2669,3012
2669,3008
2669,4147
2670,824
2670,808
2670,3003
2670,3978
2670,4183
2670,4188
2670,4151
2670,4189
2670,4190
2671,601
2671,248
2671,972
2671,4025
2671,3917
2671,2983
2671,3961
2671,3003
2671,4191
2671,4164
2672,808
2672,3988
2672,547
2672,3007
2672,3942
2672,3003
2672,3945
2672,2976
2672,4192
2673,937
2673,229
2673,3988
2673,2973
2673,3003
2673,3945
2673,2968
2674,601
2674,248
2674,1583
2674,2998
2674,4025
2674,3917
2674,3956
2674,3003
2674,4190
2675,34
2675,4193
2675,4155
2675,3965
2675,3003
2675,3944
2675,3005
2675,4151
2675,4190
2676,3988
2676,3961
2676,3012
2676,2975
2676,4147
2677,4194
2677,4187
2677,3943
2677,2980
2678,248
2678,34
2678,3011
2678,3007
2678,3942
2678,3003
2678,4163
2678,2968
2679,3988
2679,3961
2679,3012
2679,4186
2679,2975
2679,3945
2679,4147
2680,3988
2680,3942
2680,3961
2680,3012
2680,3954
2680,4184
2680,3935
2681,3919
2681,4194
2681,3923
2681,3932
2682,3988
2682,3225
2682,3942
2682,4153
2682,4186
2682,4162
2682,4179
2682,3944
2682,4158
2683,601
2683,248
2683,3011
2683,3007
2683,3942
2683,3003
2683,3978
2684,649
2684,3942
2684,3961
2684,3012
2684,3944
2684,3945
2684,4173
2685,601
2685,808
2685,3988
2685,3961
2685,3012
2685,3945
2685,4147
2686,3252
2686,3961
2686,3012
2686,4195
2686,2984
2686,3248
2686,4161
2686,4196
2687,3988
2687,3942
2687,3961
2687,3012
2687,2975
2687,3945
2688,502
2688,229
2688,259
2688,3988
2688,4155
2688,3012
2688,3003
2688,3005
2688,4156
2689,649
2689,3942
2689,3961
2689,2975
2689,2980
2689,4197
2690,3919
2690,4186
2690,4187
2690,2975
2690,3932
2691,601
2691,34
2691,808
2691,3003
2691,3004
2691,3005
2691,2996
2691,4151
2691,4158
2691,4190
2692,1252
2692,290
2692,536
2692,4025
2692,3917
2692,3931
2692,4187
2692,2975
2693,203
2693,3988
2693,547
2693,3007
2693,3942
2693,3945
2693,3990
2693,4192
2694,1077
2694,3964
2694,4198
2694,3961
2694,4199
2694,4161
2694,4200
2694,4201
2694,4202
2694,4203
2695,4169
2695,3921
2695,4194
2695,3926
2695,4171
2695,4204
2695,4201
2695,4205
2696,601
2696,259
2696,3988
2696,3007
2696,3942
2696,2983
2696,4206
2697,601
2697,248
2697,195
2697,759
2697,259
2697,763
2697,3942
2697,2979
2698,4159
2698,4047
2698,3281
2698,3282
2698,2980
2698,4048
2698,4148
2698,4149
2699,759
2699,718
2699,808
2699,174
2699,259
2699,1876
2699,3942
2699,4162
2700,758
2700,3988
2700,3225
2700,3944
2700,1891
2701,758
2701,4207
2701,4153
2701,3926
2702,34
2702,3988
2702,3963
2702,2972
2702,3926
2702,3944
2702,3945
2702,4150
2703,179
2703,3988
2703,4208
2703,4025
2703,4194
2703,3943
2703,3944
2703,3945
2704,4194
2704,3926
2704,3943
2704,3944
2704,3945
2705,601
2705,3007
2705,3942
2705,3961
2705,3012
2705,3003
2705,3945
2706,601
2706,477
2706,34
2706,3961
2706,3012
2706,3003
2706,2984
2707,34
2707,4169
2707,3921
2707,4194
2707,2973
2707,3926
2707,4150
2708,248
2708,3988
2708,3007
2708,3942
2708,3945
2708,3990
2708,3954
2708,3935
2709,1
2709,2919
2709,3216
2709,4209
2709,4210
2709,2997
2709,4177
2710,195
2710,417
2710,3988
2710,547
2710,3963
2710,3945
2710,3948
2711,1077
2711,4153
2711,3961
2711,3012
2711,2979
2711,4151
2712,601
2712,1077
2712,259
2712,3961
2712,3012
2712,4184
2712,3935
2713,759
2713,3988
2713,3225
2713,3942
2713,3012
2713,2997
2714,248
2714,3988
2714,3252
2714,3007
2714,3942
2714,2983
2714,3944
2714,3945
2714,2980
2715,4207
2715,3323
2715,2997
2716,248
2716,2998
2716,3011
2716,3931
2716,2984
2716,4211
2716,4154
2716,4212
2716,4213
2717,759
2717,1120
2717,3007
2717,4153
2717,4178
2718,1556
2718,1814
2718,4193
2718,3988
2718,4207
2718,3945
2718,4151
2719,725
2719,1141
2719,2998
2719,3931
2719,4028
2719,4024
2720,3942
2720,3961
2720,3012
2720,3324
2720,3954
2720,3935
2721,3988
2721,3942
2721,4162
2721,3944
2721,3945
2722,601
2722,3969
2722,2970
2722,2998
2722,4025
2722,3917
2722,3942
2722,3003
2722,4161
2722,3945
2723,826
2723,601
2723,3988
2723,3945
2723,4164
2724,1077
2724,4155
2724,3961
2724,4181
2724,3248
2724,4161
2724,4182
2724,4196
2724,4158
2725,3988
2725,3961
2725,3003
2725,2984
2725,3978
2725,2975
2725,2968
2725,4190
2726,601
2726,919
2726,3964
2726,4025
2726,2983
2726,3961
2726,2973
2726,2975
2727,4157
2727,3988
2727,4155
2727,3965
2727,3942
2727,3004
2727,3005
2727,2996
2727,4158
2728,808
2728,259
2728,3942
2728,4214
2728,3948
2728,3935
2729,3988
2729,3942
2729,4187
2729,2975
2729,4184
2729,4197
2729,3935
2730,874
2730,651
2730,1371
2730,534
2731,1138
2731,26
2731,840
2731,156
2731,866
2732,538
2732,879
2732,4215
2732,1354
2732,536
2732,228
2732,909
2733,1053
2733,1552
2733,131
2733,726
2733,909
2733,897
2733,1550
2734,152
2734,883
2734,861
2734,557
2734,4216
2735,1468
2735,1252
2735,151
2735,657
2735,436
2735,673
2735,1493
2735,840
2735,1354
2736,1495
2736,456
2736,216
2737,4217
2737,1393
2737,841
2737,991
2737,4218
2738,675
2738,2254
2738,878
2738,1020
2739,122
2739,641
2739,3521
2739,1068
2739,61
2739,139
2740,298
2740,786
2740,1353
2740,216
2740,300
2740,1828
2741,1170
2741,310
2741,2222
2741,895
2741,1619
2741,1551
2741,490
2741,4219
2742,298
2742,651
2742,1020
2743,1059
2743,498
2743,991
2743,1478
2744,467
2744,673
2744,131
2744,279
2744,1466
2745,874
2745,440
2745,716
2746,1171
2746,886
2746,822
2746,203
2746,536
2747,472
2747,495
2747,110
2747,516
2747,436
2747,498
2747,482
2747,66
2748,463
2748,440
2748,1059
2748,1354
2749,886
2749,1425
2749,756
2750,657
2750,154
2750,863
2750,1059
2750,1546
2750,866
2751,657
2751,641
2751,436
2751,440
2751,1147
2751,1551
2752,1135
2752,651
2752,657
2752,822
2752,726
2752,4218
2753,4220
2753,697
2753,991
2753,4218
2754,1171
2754,538
2754,1546
2754,876
2755,756
2755,822
2755,991
2755,372
2755,1532
2756,657
2756,786
2756,641
2756,440
2756,156
2757,786
2757,581
2757,1493
2757,216
2757,756
2757,1354
2758,179
2758,1376
2758,786
2758,1453
2758,2862
2758,747
2758,1394
2758,665
2759,601
2759,248
2759,4155
2759,3252
2759,3978
2759,3005
2759,2997
2759,4221
2759,4222
2759,4223
2760,766
2760,174
2760,1619
2760,4155
2760,3003
2760,3004
2760,3005
2760,2997
2760,4223
2760,4224
2761,4172
2761,4225
2761,2972
2761,3003
2761,4047
2761,3978
2761,2975
2761,4226
2762,1556
2762,1284
2762,824
2762,1583
2762,3003
2762,3978
2762,2979
2762,4039
2763,429
2763,1619
2763,273
2763,912
2763,3306
2763,4168
2763,4043
2763,2997
2764,4155
2764,3978
2764,3004
2764,3005
2764,4148
2764,4183
2764,4039
2764,4227
2764,4228
2765,259
2765,4155
2765,3030
2765,4032
2765,3961
2765,3012
2765,3003
2765,4161
2766,4172
2766,2984
2766,4229
2766,2979
2767,601
2767,919
2767,795
2767,275
2767,3252
2767,3961
2767,3003
2768,1077
2768,3942
2768,4153
2768,2973
2768,4148
2768,2979
2769,4155
2769,3004
2769,3005
2769,2980
2769,4230
2769,4227
2769,4223
2769,4231
2770,939
2770,3276
2770,916
2770,3965
2770,3303
2770,4232
2770,3978
2770,4030
2770,4184
2771,939
2771,3276
2771,1431
2771,3252
2771,3306
2771,3003
2771,4232
2771,3978
2772,649
2772,182
2772,3961
2772,2973
2772,3012
2772,3003
2773,735
2773,516
2773,972
2773,316
2773,2970
2773,2998
2773,3917
2773,4167
2774,601
2774,4059
2774,4155
2774,275
2774,3252
2774,3961
2774,2973
2774,4168
2774,3003
2775,735
2775,516
2775,61
2775,316
2775,2970
2775,4025
2775,3917
2775,3931
2776,601
2776,798
2776,972
2776,316
2776,2970
2776,3917
2776,3931
2776,2992
2777,4207
2777,4233
2777,4043
2777,4039
2777,4227
2778,939
2778,4207
2778,2972
2778,4153
2778,4168
2778,3003
2778,4232
2778,3978
2778,4152
2779,296
2779,226
2779,15
2779,2970
2779,4025
2779,3011
2779,3942
2779,3978
2779,4046
2779,4039
2780,937
2780,737
2780,182
2780,546
2780,972
2780,1054
2780,2970
2780,3003
2780,4226
2781,4159
2781,2972
2781,3961
2781,3003
2781,3978
2782,815
2782,939
2782,3276
2782,3252
2782,3306
2782,3917
2782,3956
2782,4232
2783,808
2783,266
2783,3252
2783,3942
2783,3945
2783,4148
2783,4039
2784,4193
2784,1120
2784,4155
2784,753
2784,3003
2784,3005
2784,3948
2784,4227
2784,4223
2785,640
2785,3000
2785,4162
2785,3978
2785,3004
2785,2996
2785,2997
2785,4151
2785,4222
2786,3961
2786,2975
2786,3945
2786,4148
2786,4230
2786,4039
2787,3961
2787,2973
2787,3012
2787,3978
2787,4163
2787,3945
2787,3954
2787,4184
2787,4230
2787,4147
2788,259
2788,266
2788,4234
2788,3003
2788,2975
2788,4148
2788,2979
2788,4228
2789,919
2789,316
2789,200
2789,2970
2789,2998
2789,4025
2789,3954
2789,3935
2789,3998
2790,3988
2790,3530
2790,4153
2790,4233
2790,4043
2790,3944
2790,4199
2790,4163
2790,3945
2791,502
2791,266
2791,683
2791,1035
2791,3961
2791,3012
2791,4186
2791,4226
2792,4235
2792,3963
2792,4162
2792,3978
2792,3945
2792,4044
2792,4046
2793,601
2793,3000
2793,3003
2793,3978
2793,4151
2793,4222
2793,4227
2794,202
2794,296
2794,60
2794,61
2794,2998
2794,3917
2794,4222
2794,3935
2795,280
2795,547
2795,2970
2795,2998
2795,3917
2795,3007
2795,3003
2795,3990
2795,4226
2796,3868
2796,4236
2796,4237
2796,4238
2796,4239
2796,1661
2796,4240
2796,4241
2796,4242
2796,4243
2797,4078
2797,1848
2797,1724
2797,1753
2797,3644
2797,4244
2797,1618
2797,1722
2797,1012
2797,4245
2798,3070
2798,939
2798,1556
2798,1724
2798,2167
2798,809
2798,1574
2798,1830
2798,3869
2798,4246
2799,805
2799,1756
2799,312
2799,1107
2799,4244
2799,4247
2799,1791
2799,1297
2799,3883
2799,1820
2800,737
2800,429
2800,1791
2800,4248
2800,1596
2800,4249
2800,4250
2800,453
2800,4246
2800,4251
2801,639
2801,319
2801,556
2801,2831
2801,2101
2801,1068
2801,680
2802,4252
2802,1241
2802,744
2802,4253
2803,677
2803,883
2803,665
2803,860
2803,174
2803,667
2804,1394
2804,219
2804,744
2804,1354
2804,15
2804,189
2804,1779
2805,581
2806,2101
2806,1068
2806,1372
2806,226
2806,435
2806,1828
2806,868
2807,657
2807,227
2807,1404
2807,840
2807,866
2808,90
2808,319
2808,677
2808,2829
2809,638
2809,26
2809,1371
2809,881
2809,665
2809,744
2809,1354
2810,306
2810,223
2810,694
2810,866
2810,189
2810,1466
2811,675
2811,249
2811,1316
2811,697
2811,1638
2811,4254
2812,638
2812,639
2812,1097
2812,680
2812,667
2812,4080
2813,1511
2813,1393
2813,747
2813,677
2813,1068
2814,894
2814,436
2814,844
2814,570
2814,1354
2814,593
2815,438
2815,639
2815,624
2815,673
2815,1372
2815,1404
2815,840
2815,572
2815,667
2816,131
2816,665
2817,581
2817,834
2817,1354
2817,694
2818,2523
2818,247
2818,110
2818,100
2818,1372
2818,570
2818,909
2819,651
2819,2101
2819,766
2819,771
2819,4075
2820,651
2820,319
2820,110
2820,747
2820,677
2820,131
2821,639
2821,814
2821,1493
2822,771
2822,223
2822,1822
2822,840
2822,1354
2822,694
2823,656
2823,641
2823,581
2823,677
2823,834
2823,694
2823,4253
2823,4254
2824,747
2824,169
2824,1404
2824,1405
2825,311
2825,657
2825,840
2825,4255
2826,581
2826,677
2826,840
2826,1354
2826,593
2827,216
2827,78
2827,1547
2827,1822
2827,1147
2827,536
2827,667
2828,1128
2828,1493
2828,1372
2828,131
2828,219
2828,694
2829,638
2829,1393
2829,853
2829,841
2829,4256
2830,639
2830,786
2830,227
2830,1822
2830,744
2830,760
2831,675
2831,319
2831,919
2831,215
2831,1394
2831,886
2831,2101
2831,1372
2831,226
2831,1120
2832,814
2832,834
2832,1082
2832,482
2832,422
2833,1171
2833,1106
2833,196
2833,1394
2833,475
2833,1783
2833,2990
2833,4257
2834,439
2834,154
2834,1828
2834,866
2835,1241
2835,786
2835,319
2835,148
2835,581
2835,1371
2836,298
2836,695
2836,1394
2836,321
2836,219
2836,514
2836,1554
2836,326
2836,4254
2837,1404
2837,909
2837,4253
2838,2523
2838,523
2838,1371
2838,834
2838,692
2839,1394
2839,741
2839,223
2839,131
2839,15
2839,1945
2839,1779
2840,747
2840,665
2840,1404
2840,697
2840,1354
2841,581
2841,747
2842,2232
2842,179
2842,639
2842,1177
2842,2101
2842,1371
2842,1547
2842,2454
2843,874
2843,581
2843,747
2843,840
2843,482
2844,1171
2844,814
2844,2101
2844,883
2844,226
2844,219
2844,570
2845,785
2845,786
2845,581
2845,834
2845,883
2845,694
2845,189
2845,4254
2846,154
2846,665
2846,840
2847,1128
2847,639
2847,695
2847,319
2847,665
2847,840
2847,694
2848,2523
2848,639
2848,677
2848,1068
2848,771
2848,1547
2848,870
2848,667
2848,4258
2849,154
2849,834
2849,840
2849,694
2850,651
2850,26
2850,881
2850,1354
2850,189
2850,4096
2851,747
2851,677
2851,2101
2851,1068
2851,1372
2851,226
2851,680
2852,122
2852,699
2852,3814
2852,842
2852,1100
2852,1404
2852,1405
2852,194
2852,2911
2853,747
2853,886
2853,1547
2853,1404
2853,1405
2853,840
2853,909
2854,785
2854,673
2854,667
2855,1241
2855,1371
2855,1354
2855,680
2855,667
2856,221
2856,2101
2856,665
2856,226
2856,1404
2856,1354
2857,436
2857,1371
2857,842
2857,1404
2857,840
2857,4253
2858,840
2858,156
2858,2990
2858,631
2859,1138
2859,581
2859,1404
2859,610
2860,1241
2860,2101
2860,1822
2861,1138
2861,624
2861,581
2861,1164
2862,311
2862,814
2862,624
2862,110
2862,677
2862,840
2862,1354
2862,194
2863,100
2863,29
2863,771
2863,1316
2863,4259
2864,919
2864,436
2864,169
2864,677
2864,174
2864,4260
2865,874
2865,814
2865,563
2865,581
2865,747
2865,840
2865,1354
2865,909
2866,874
2866,1147
2866,840
2867,814
2867,154
2867,581
2867,841
2867,840
2867,2505
2867,2834
2868,122
2868,310
2868,814
2868,2101
2868,3812
2868,991
2868,1257
2868,1551
2869,494
2869,456
2869,436
2869,840
2869,694
2869,866
2870,874
2870,439
2870,154
2870,2581
2870,1354
2870,4261
2870,694
2871,298
2871,311
2871,456
2871,1418
2872,1106
2872,1412
2872,919
2872,750
2872,1354
2873,786
2873,227
2873,491
2873,747
2873,1371
2873,1147
2874,1059
2875,657
2876,3081
2876,1155
2876,300
2876,139
2877,300
2878,1154
2878,854
2878,221
2878,1405
2878,3840
2878,1418
2879,1400
2879,834
2879,876
2879,1396
2879,1554
2879,3840
2879,1156
2879,847
2880,680
2881,122
2882,540
2882,639
2882,227
2883,651
2883,2865
2884,657
2884,840
2885,886
2885,2846
2886,1059
2887,1484
2887,1155
2887,1371
2888,639
2888,1400
2888,221
2888,491
2888,1068
2888,4262
2889,310
2889,695
2889,834
2889,1405
2890,641
2890,886
2890,1427
2890,2911
2891,1171
2891,1154
2892,537
2892,156
2893,651
2893,657
2893,814
2893,110
2893,665
2894,853
2894,1404
2894,1405
2895,1386
2896,638
2896,3081
2896,842
2896,1404
2896,1405
2897,227
2897,1059
2897,557
2898,1155
2898,853
2898,1371
2899,853
2899,842
2900,638
2900,1405
2901,1309
2901,657
2901,1155
2901,860
2901,156
2902,110
2902,1354
2902,542
2903,853
2903,1371
2904,227
2905,396
2905,814
2905,695
2905,1155
2906,122
2907,310
2907,675
2907,2284
2908,639
2909,154
2909,3581
2910,641
2910,1412
2910,1404
2910,2190
2910,1386
2911,491
2912,638
2912,695
2912,1155
2912,842
2913,1404
2914,122
2914,680
2915,122
2916,1154
2916,2284
2916,814
2916,25
2917,122
2917,814
2917,26
2917,456
2917,1155
2918,2284
2919,310
2920,3131
2920,4263
2920,4264
2920,4265
2920,1772
2920,4266
2920,3188
2920,1773
2920,3125
2920,3156
2921,552
2921,4267
2921,202
2921,3230
2921,1759
2921,1776
2921,1653
2921,546
2921,4266
2921,4268
2922,184
2922,904
2922,103
2922,548
2922,1759
2922,1653
2922,4266
2922,4269
2922,1773
2922,1756
2923,1553
2923,202
2923,3215
2923,3174
2923,1032
2923,3230
2923,1772
2923,1579
2923,3188
2923,3156
2924,202
2924,798
2924,956
2924,4270
2924,1759
2924,1524
2924,1653
2924,4266
2924,4271
2925,4172
2925,3131
2925,3155
2925,956
2925,1087
2925,1772
2925,1563
2925,4266
2925,1773
2925,643
2926,405
2926,1794
2926,3218
2926,3138
2926,3111
2926,584
2926,1756
2927,3302
2927,3229
2927,296
2927,4272
2927,4273
2927,4270
2927,3133
2927,4274
2927,3187
2927,1625
2928,805
2928,725
2928,3215
2928,563
2928,296
2928,4273
2928,546
2928,3133
2928,3209
2929,4275
2929,3132
2929,1811
2929,4273
2929,4270
2929,3146
2929,3175
2929,4276
2929,4277
2930,4278
2930,4279
2930,4280
2930,3132
2930,4281
2930,4263
2930,3160
2930,4282
2930,4277
2930,3188
2931,904
2931,965
2931,4264
2931,1771
2931,3186
2931,4266
2931,3868
2931,1469
2931,4283
2932,4284
2932,4264
2932,1771
2932,1671
2932,4285
2932,923
2932,4286
2932,4287
2932,982
2933,960
2933,4288
2933,917
2933,918
2933,965
2933,3179
2933,956
2933,4264
2933,1772
2933,4289
2934,805
2934,1643
2934,3276
2934,4264
2934,737
2934,4266
2934,2157
2934,1654
2935,4290
2935,4291
2935,798
2935,4292
2935,373
2935,4293
2935,546
2935,2157
2935,3096
2935,643
2936,179
2936,725
2936,202
2936,417
2936,2096
2936,1666
2936,546
2936,2157
2936,3096
2937,648
2937,184
2937,290
2937,2096
2937,4294
2937,4295
2937,4266
2937,2157
2937,4296
2938,474
2938,1014
2938,965
2938,4291
2938,937
2938,3179
2938,3002
2938,956
2938,4297
2938,759
2939,4290
2939,4298
2939,1014
2939,3185
2939,4293
2939,1037
2939,4299
2939,3096
2939,1614
2939,4300
2940,4172
2940,4301
2940,3178
2940,956
2940,4302
2940,1563
2940,4303
2940,4266
2940,3096
2940,3042
2941,552
2941,956
2941,4303
2941,546
2941,4266
2941,2157
2941,3096
2941,4304
2941,931
2941,1469
2942,3177
2942,4305
2942,956
2942,4306
2942,4303
2942,4307
2942,4266
2942,470
2942,4308
2943,3177
2943,3178
2943,798
2943,4306
2943,1666
2943,4266
2943,2157
2943,3096
2943,931
2943,1795
2944,4264
2944,1771
2944,793
2944,908
2944,1776
2944,4266
2944,2157
2944,1028
2944,4300
2944,1625
2945,502
2945,908
2945,3186
2945,1653
2945,4266
2945,2157
2945,931
2945,4287
2945,4300
2945,1756
2946,3253
2946,3185
2946,4309
2946,1768
2946,4310
2946,4311
2946,196
2946,4312
2946,2125
2946,470
2947,3253
2947,3185
2947,1768
2947,3133
2947,3194
2947,1613
2947,3097
2947,3187
2947,4313
2947,4296
2948,798
2948,4263
2948,4272
2948,4273
2948,1771
2948,4270
2948,1772
2948,130
2948,1563
2948,1773
2949,4314
2949,3095
2949,3253
2949,1768
2949,4315
2949,3133
2949,3187
2949,4277
2949,1590
2949,4316
2950,3131
2950,3155
2950,4317
2950,1772
2950,1613
2950,4313
2950,3188
2950,1773
2951,1252
2951,815
2951,997
2951,4318
2951,3179
2951,2096
2951,1666
2951,4266
2951,2157
2951,3096
2952,502
2952,103
2952,965
2952,287
2952,793
2952,548
2952,543
2952,4266
2952,954
2952,4300
2953,202
2953,2120
2953,467
2953,516
2953,908
2953,4319
2953,168
2953,4271
2953,931
2953,643
2954,202
2954,516
2954,523
2954,908
2954,4309
2954,4266
2954,3096
2954,931
2954,1614
2954,4283
2955,184
2955,960
2955,4320
2955,918
2955,417
2955,1039
2955,685
2955,799
2955,3028
2955,982
2956,4321
2956,417
2956,4264
2956,4322
2956,1789
2956,898
2956,4323
2956,4266
2956,1613
2956,4324
2957,159
2957,1495
2957,399
2957,26
2957,1259
2957,542
2957,897
2957,2668
2957,4325
2957,2640
2958,1507
2958,533
2958,399
2958,169
2958,863
2958,542
2958,897
2958,594
2958,69
2958,2640
2959,1339
2959,1500
2959,56
2959,468
2959,345
2959,2194
2959,250
2959,4326
2959,2640
2959,433
2960,56
2960,28
2960,345
2960,2583
2960,4327
2960,2668
2960,2640
2960,4328
2960,4329
2960,4330
2961,399
2961,149
2961,3581
2961,35
2961,5
2961,576
2961,69
2961,2640
2961,4331
2961,4332
2962,4333
2962,1138
2962,786
2962,399
2962,542
2962,754
2962,4334
2962,1178
2962,2640
2962,4335
2963,298
2963,185
2963,399
2963,345
2963,862
2963,772
2963,111
2963,140
2963,448
2963,2640
2964,4336
2964,4337
2964,2903
2964,348
2964,4338
2964,385
2964,4339
2964,4340
2964,2640
2964,4341
2965,1079
2965,4327
2965,4340
2965,579
2965,4325
2965,85
2965,4342
2965,2643
2965,17
2965,433
2966,185
2966,4343
2966,731
2966,689
2966,104
2966,3974
2966,522
2966,479
2966,4344
2966,4345
2967,4346
2967,1335
2967,1224
2967,4347
2967,2491
2967,118
2967,4348
2967,4349
2967,4350
2967,4351
2968,1223
2968,104
2968,328
2968,68
2968,4059
2968,4350
2968,4352
2968,3953
2968,4353
2968,4354
2969,649
2969,4346
2969,4355
2969,405
2969,96
2969,104
2969,585
2969,504
2969,4356
2969,522
2970,298
2970,649
2970,185
2970,405
2970,827
2970,104
2970,3974
2970,288
2970,512
2970,486
2971,4346
2971,502
2971,548
2971,229
2971,104
2971,503
2971,68
2971,4012
2971,4349
2971,4357
2972,1463
2972,4355
2972,4347
2972,437
2972,4358
2972,4012
2972,527
2972,4349
2972,4350
2972,4359
2973,184
2973,4346
2973,4347
2973,104
2973,3974
2973,293
2973,1454
2973,522
2973,4360
2973,1206
2974,398
2974,4346
2974,145
2974,4361
2974,4362
2974,187
2974,345
2974,4059
2974,512
2974,4352
2975,358
2975,4346
2975,483
2975,2491
2975,1181
2975,233
2975,479
2975,1330
2975,4360
2975,4363
2976,398
2976,185
2976,145
2976,4364
2976,1533
2976,1534
2976,104
2976,66
2976,1439
2976,4352
2977,185
2977,82
2977,228
2977,104
2977,144
2977,6
2977,289
2977,1240
2977,4353
2977,4354
2978,184
2978,483
2978,206
2978,104
2978,144
2978,4358
2978,1437
2978,1454
2978,522
2978,4350
2979,1335
2979,4365
2979,118
2979,529
2979,1243
2979,1206
2979,4366
2979,4367
2979,4353
2979,4368
2980,483
2980,206
2980,345
2980,68
2980,652
2980,1240
2980,370
2980,4353
2980,4369
2980,4354
2981,398
2981,185
2981,145
2981,689
2981,1534
2981,104
2981,66
2981,1439
2981,4352
2981,4370
2982,4346
2982,257
2982,4347
2982,492
2982,104
2982,4371
2982,457
2982,4349
2982,1330
2982,4353
2983,4355
2983,783
2983,1224
2983,474
2983,4356
2983,4353
2983,4370
2983,4372
2983,4354
2983,4359
2984,4346
2984,341
2984,28
2984,187
2984,345
2984,426
2984,1181
2984,4350
2984,4363
2984,1433
2985,649
2985,4346
2985,1335
2985,1224
2985,295
2985,345
2985,250
2985,315
2985,1206
2985,4372
2986,1224
2986,187
2986,376
2986,69
2986,426
2986,267
2986,4373
2986,4374
2986,4363
2986,4375
2987,707
2987,187
2987,296
2987,643
2987,128
2987,68
2987,62
2987,458
2987,522
2987,653
2988,483
2988,1223
2988,4376
2988,370
2988,4377
2988,4367
2988,4378
2988,4379
2988,1118
2988,4368
2989,1327
2989,1343
2989,206
2989,28
2989,4059
2989,529
2989,4350
2989,370
2989,4353
2989,4369
2990,1224
2990,295
2990,187
2990,426
2990,458
2990,4380
2990,4381
2990,4382
2990,4372
2990,4383
2991,1223
2991,345
2991,68
2991,250
2991,2500
2991,529
2991,4384
2991,4367
2991,4378
2991,4385
2992,483
2992,1223
2992,209
2992,529
2992,4386
2992,4377
2992,4367
2992,4379
2992,4387
2992,4369
2993,56
2993,483
2993,13
2993,206
2993,97
2993,175
2993,68
2993,209
2993,4388
2993,4369
2994,1223
2994,118
2994,68
2994,1134
2994,2644
2994,9
2994,1276
2994,4386
2994,4377
2994,4369
2995,1223
2995,104
2995,328
2995,68
2995,87
2995,458
2995,522
2995,529
2995,4363
2995,4378
2996,1223
2996,732
2996,68
2996,52
2996,3405
2996,458
2996,522
2996,4367
2996,4379
2996,4387
2997,185
2997,97
2997,104
2997,66
2997,68
2997,9
2997,458
2997,522
2997,4377
2997,4378
2998,502
2998,104
2998,339
2998,288
2998,68
2998,522
2998,4389
2998,4390
2998,1149
2998,4367
2999,56
2999,4346
2999,206
2999,28
2999,187
2999,69
2999,426
2999,4391
2999,4374
2999,4375
3000,1252
3000,119
3000,516
3000,217
3000,128
3000,68
3000,89
3000,171
3000,64
3000,478
3001,4392
3001,187
3001,103
3001,229
3001,647
3001,250
3001,1479
3001,315
3001,4363
3001,4049
3002,651
3002,91
3002,27
3002,516
3002,128
3002,68
3002,121
3002,89
3002,478
3002,529
3003,56
3003,341
3003,1224
3003,4392
3003,328
3003,4012
3003,370
3003,4363
3003,4372
3003,4375
3004,483
3004,145
3004,1343
3004,206
3004,1223
3004,486
3004,4384
3004,4367
3004,4388
3004,4369
3005,145
3005,41
3005,104
3005,66
3005,128
3005,68
3005,121
3005,522
3005,4352
3005,4378
3006,1203
3006,1190
3006,1343
3006,187
3006,1279
3006,1205
3006,68
3006,132
3006,1206
3006,4366
3007,91
3007,483
3007,1223
3007,46
3007,128
3007,68
3007,4393
3007,4377
3007,4366
3007,4388
3008,1223
3008,104
3008,288
3008,68
3008,522
3008,527
3008,529
3008,4394
3008,4377
3008,4378
3009,191
3009,185
3009,1343
3009,1080
3009,111
3009,128
3009,68
3009,457
3009,63
3009,528
3010,185
3010,483
3010,206
3010,104
3010,74
3010,68
3010,209
3010,121
3010,9
3010,486
3011,185
3011,399
3011,1343
3011,13
3011,793
3011,1080
3011,329
3011,68
3011,1134
3011,89
3012,184
3012,483
3012,1343
3012,68
3012,458
3012,1276
3012,522
3012,528
3012,4394
3012,4377
3013,398
3013,2532
3013,282
3013,145
3013,1343
3013,118
3013,68
3013,522
3013,529
3013,233
3014,56
3014,483
3014,13
3014,206
3014,345
3014,501
3014,68
3014,209
3014,289
3014,4388
3015,550
3015,1223
3015,516
3015,173
3015,68
3015,121
3015,522
3015,4377
3015,4378
3015,4395
3016,1
3016,4346
3016,187
3016,793
3016,328
3016,364
3016,4012
3016,478
3016,4363
3016,4396
3017,185
3017,1209
3017,1179
3017,46
3017,1216
3017,4374
3017,4397
3017,346
3017,270
3017,4367
3018,4398
3018,4399
3018,4400
3018,4401
3018,4347
3018,2491
3018,149
3018,4402
3018,4403
3018,242
3019,451
3019,4404
3019,4405
3019,1353
3019,4406
3019,4407
3019,4408
3019,4409
3019,4410
3019,4411
3020,4412
3020,145
3020,451
3020,4413
3020,4392
3020,4414
3020,4407
3020,187
3020,1076
3020,1345
3021,507
3021,4415
3021,451
3021,4416
3021,4361
3021,4364
3021,206
3021,1533
3021,4417
3021,4418
3022,1982
3022,185
3022,341
3022,4419
3022,451
3022,4413
3022,4361
3022,222
3022,83
3022,437
3023,580
3023,4420
3023,124
3023,341
3023,1224
3023,257
3023,451
3023,4421
3023,187
3023,345
3024,4420
3024,383
3024,282
3024,4355
3024,451
3024,4362
3024,469
3024,187
3024,345
3024,4337
3025,56
3025,1335
3025,145
3025,707
3025,783
3025,451
3025,206
3025,375
3025,345
3025,4410
3026,56
3026,483
3026,4422
3026,1208
3026,1336
3026,1248
3026,451
3026,206
3026,2
3026,46
3027,483
3027,4355
3027,1335
3027,2963
3027,451
3027,4365
3027,4407
3027,1279
3027,1305
3027,3078
3028,1463
3028,483
3028,4355
3028,145
3028,783
3028,451
3028,1223
3028,4423
3028,4424
3028,187
3029,1224
3029,451
3029,4416
3029,4425
3029,4376
3029,4414
3029,4426
3029,4427
3029,1326
3029,1205
3030,1203
3030,450
3030,4422
3030,1190
3030,1199
3030,4428
3030,451
3030,4429
3030,187
3030,4430
3031,56
3031,1197
3031,783
3031,1224
3031,451
3031,1245
3031,118
3031,187
3031,3404
3031,1205
3032,56
3032,185
3032,341
3032,20
3032,257
3032,295
3032,451
3032,206
3032,97
3032,46
3033,56
3033,1203
3033,341
3033,3403
3033,451
3033,13
3033,4431
3033,46
3033,933
3033,1205
3034,4420
3034,2532
3034,4412
3034,4432
3034,4433
3034,2914
3034,451
3034,258
3034,187
3034,4434
3035,2514
3035,306
3035,496
3035,28
3035,469
3035,830
3035,4435
3035,345
3035,4436
3035,2681
3036,108
3036,341
3036,4355
3036,496
3036,4437
3036,469
3036,830
3036,225
3036,345
3036,437
3037,4346
3037,451
3037,3400
3037,1245
3037,187
3037,1179
3037,1279
3037,1191
3037,1305
3037,1205
3038,4398
3038,306
3038,451
3038,4361
3038,4438
3038,4439
3038,4440
3038,187
3038,1205
3038,4441
3039,56
3039,4355
3039,12
3039,451
3039,405
3039,206
3039,3400
3039,96
3039,3986
3039,187
3040,185
3040,82
3040,341
3040,21
3040,4442
3040,556
3040,492
3040,1209
3040,469
3040,830
3041,1203
3041,1204
3041,341
3041,4443
3041,1048
3041,4444
3041,295
3041,451
3041,4445
3041,501
3042,4446
3042,451
3042,1220
3042,4447
3042,4448
3042,2533
3042,1245
3042,469
3042,4449
3042,241
3043,4398
3043,783
3043,4450
3043,451
3043,133
3043,1245
3043,118
3043,97
3043,187
3043,501
3044,27
3044,299
3044,341
3044,248
3044,4450
3044,451
3044,41
3044,13
3044,3081
3044,830
3045,4412
3045,1343
3045,295
3045,451
3045,206
3045,1245
3045,469
3045,241
3045,1326
3045,1205
3046,142
3046,501
3046,103
3046,287
3046,120
3046,508
3046,286
3046,606
3046,520
3046,3938
3047,4451
3047,91
3047,501
3047,965
3047,92
3047,1177
3047,1490
3047,488
3047,5
3047,6
3048,398
3048,92
3048,74
3048,48
3048,6
3048,164
3048,526
3048,32
3048,23
3048,10
3049,1484
3049,91
3049,12
3049,219
3049,135
3049,488
3049,48
3049,632
3049,23
3049,81
3050,1484
3050,398
3050,488
3050,576
3050,9
3050,526
3050,36
3050,23
3050,81
3050,4452
3051,649
3051,1097
3051,168
3051,643
3051,509
3051,30
3051,603
3051,736
3051,606
3051,740
3052,12
3052,41
3052,92
3052,1177
3052,280
3052,48
3052,329
3052,526
3052,23
3052,10
3053,691
3053,227
3053,373
3053,1177
3053,568
3053,488
3053,48
3053,614
3053,1144
3053,1095
3054,46
3054,48
3054,6
3054,526
3054,666
3054,652
3054,23
3054,10
3054,653
3054,4366
3055,675
3055,2351
3055,4453
3055,4454
3055,2445
3055,2353
3055,4455
3055,2355
3055,4456
3055,4457
3056,4458
3056,4459
3056,2351
3056,2415
3056,4460
3056,2445
3056,4461
3056,4455
3056,4462
3056,4463
3057,4453
3057,4460
3057,4464
3057,4465
3057,4466
3057,2294
3057,2446
3057,4467
3057,4468
3057,4469
3058,4470
3058,4471
3058,4472
3058,4466
3058,4473
3058,4474
3058,4475
3058,4476
3058,4477
3058,2366
3059,641
3059,33
3059,581
3059,841
3059,223
3059,135
3059,909
3059,897
3059,2445
3059,4478
3060,641
3060,495
3060,110
3060,1354
3060,897
3060,2444
3060,2351
3060,4453
3060,2440
3060,2445
3061,2897
3061,4453
3061,4479
3061,4480
3061,4481
3061,4482
3061,2355
3061,4483
3061,4457
3061,4484
3062,695
3062,226
3062,570
3062,897
3062,2415
3062,4485
3062,2320
3062,4455
3062,4486
3062,4487
3063,174
3063,3205
3063,4459
3063,4453
3063,2445
3063,4461
3063,4488
3063,2419
3063,2355
3063,4489
3064,1265
3064,4490
3064,4491
3064,4492
3064,4493
3064,4494
3064,4495
3064,4496
3064,2463
3064,4497
3065,4498
3065,4499
3065,4500
3065,4501
3065,4502
3065,4503
3065,4504
3065,4463
3065,4505
3065,4506
3066,4120
3066,4507
3066,4508
3066,4492
3066,4509
3066,4455
3066,2478
3066,4510
3066,4511
3066,4512
3067,1106
3067,4513
3067,4514
3067,2888
3067,4515
3067,4461
3067,4516
3067,4517
3067,4518
3067,4519
3068,3840
3068,4453
3068,4520
3068,4464
3068,2320
3068,4499
3068,4457
3068,4467
3068,4468
3068,4521
3069,4114
3069,4522
3069,4453
3069,4460
3069,4461
3069,2446
3069,2355
3069,4523
3069,4524
3069,4512
3070,4453
3070,4479
3070,4464
3070,4461
3070,4525
3070,4526
3070,2355
3070,4469
3070,4527
3070,4512
3071,2487
3071,4528
3071,4460
3071,2320
3071,4529
3071,4530
3071,4487
3071,4531
3071,4527
3071,4512
3072,4532
3072,2337
3072,4466
3072,4533
3072,4534
3072,2281
3072,4535
3072,4536
3072,4537
3072,4477
3073,4453
3073,4464
3073,4455
3073,4488
3073,2338
3073,4538
3073,4494
3073,4457
3073,4539
3073,4512
3074,841
3074,861
3074,4453
3074,4464
3074,2353
3074,2476
3074,2338
3074,4538
3074,4527
3074,4540
3075,4541
3075,4453
3075,4479
3075,4542
3075,2320
3075,4461
3075,4525
3075,4455
3075,2355
3075,4457
3076,2484
3076,4543
3076,2320
3076,4465
3076,2477
3076,4544
3076,4488
3076,2338
3076,4545
3076,4546
3077,1252
3077,462
3077,641
3077,169
3077,650
3077,760
3077,2408
3077,2351
3077,4453
3077,2445
3078,4528
3078,2445
3078,2353
3078,4547
3078,4461
3078,4544
3078,2446
3078,2355
3078,4503
3078,4512
3079,4548
3079,4522
3079,4453
3079,4464
3079,4547
3079,4549
3079,4550
3079,4551
3079,4503
3079,4512
3080,33
3080,883
3080,4552
3080,4553
3080,2450
3080,4554
3080,4555
3080,4490
3080,4556
3080,4519
3081,1058
3081,4458
3081,4453
3081,2445
3081,4557
3081,4558
3081,2446
3081,4065
3081,4486
3081,4559
3082,2766
3082,4522
3082,4560
3082,4471
3082,4561
3082,4544
3082,4562
3082,4523
3082,4563
3082,4564
3083,4522
3083,4528
3083,4453
3083,4565
3083,4547
3083,4566
3083,4544
3083,4503
3083,4512
3083,4519
3084,1068
3084,570
3084,4567
3084,4453
3084,4454
3084,4568
3084,4569
3084,4461
3084,2446
3084,4570
3085,2284
3085,1058
3085,1142
3085,2265
3085,2351
3085,4507
3085,2445
3085,4492
3085,4570
3085,4571
3086,143
3086,651
3086,33
3086,42
3086,650
3086,2445
3086,2353
3086,2355
3086,4572
3086,4573
3087,4574
3087,4490
3087,4491
3087,4575
3087,4495
3087,4576
3087,4521
3087,4537
3087,2463
3087,4519
3088,4547
3088,4471
3088,2451
3088,4499
3088,4577
3088,4578
3088,4488
3088,4564
3088,4579
3088,4512
3089,1501
3089,165
3089,4580
3089,4454
3089,4581
3089,2422
3089,4582
3089,4486
3089,4583
3089,4519
3090,2637
3090,33
3090,2581
3090,4453
3090,4584
3090,4481
3090,4488
3090,2338
3090,4463
3090,4519
3091,1379
3091,4585
3091,4586
3091,4480
3091,4587
3091,4481
3091,4469
3091,4588
3091,4589
3091,4590
3092,2221
3092,1370
3092,639
3092,1155
3092,4581
3092,4587
3092,4591
3092,4592
3092,4593
3092,4594
3093,1379
3093,1396
3093,1156
3093,3838
3093,3468
3093,1408
3093,4595
3093,4481
3093,4469
3093,4596
3094,649
3094,2676
3094,3521
3094,2351
3094,4597
3094,4598
3094,2451
3094,4599
3094,4600
3094,4601
3095,1407
3095,1284
3095,3470
3095,4602
3095,4598
3095,4603
3095,4070
3095,3449
3095,3519
3095,4601
3096,1309
3096,21
3096,1311
3096,4547
3096,4599
3096,4604
3096,4605
3096,4606
3096,4607
3096,4608
3097,1501
3097,159
3097,882
3098,19
3098,1379
3098,1396
3098,1156
3098,4609
3098,1382
3098,4082
3098,4610
3098,2351
3098,4481
3099,4611
3099,4612
3099,4613
3099,4520
3099,4587
3099,4481
3099,3823
3099,4469
3099,4564
3099,2858
3100,826
3100,2454
3100,3838
3100,4614
3100,2766
3100,4595
3100,4615
3100,4481
3100,4616
3100,4489
3101,1400
3101,3434
3101,1156
3101,1096
3101,3445
3101,4587
3101,4481
3101,4617
3101,4592
3101,4590
3102,4126
3102,4618
3102,4619
3102,4547
3102,4620
3102,4621
3102,4577
3102,4622
3102,4623
3102,4601
3103,4599
3103,4604
3103,4564
3103,4624
3103,4625
3103,4589
3103,4590
3103,4626
3103,4627
3103,4628
3104,2910
3104,4629
3104,4615
3104,4598
3104,4630
3104,4631
3104,4632
3104,4633
3104,4634
3104,4601
3105,1379
3105,4082
3105,4618
3105,2351
3105,4520
3105,4635
3105,4489
3105,4484
3105,4636
3105,4601
3106,2918
3106,2238
3106,4637
3106,4638
3106,4639
3106,4640
3106,4587
3106,4592
3106,4641
3106,4594
3107,1379
3107,1396
3107,3500
3107,3445
3107,4481
3107,4482
3107,4625
3107,4642
3107,4590
3107,4627
3108,648
3108,3792
3108,641
3108,1419
3108,4082
3108,4618
3108,2462
3108,4590
3108,4601
3108,4643
3109,2830
3109,4644
3109,4645
3109,1499
3109,4599
3109,4646
3109,4588
3109,4605
3109,4607
3109,4647
3110,852
3110,4126
3110,1255
3110,161
3110,4105
3110,151
3110,848
3110,29
3110,131
3110,4601
3111,475
3111,514
3111,200
3111,4648
3111,2351
3111,4633
3111,4590
3111,4649
3111,4601
3111,4650
3112,108
3112,2835
3112,1411
3112,4651
3112,4652
3112,4653
3112,4588
3112,4654
3112,4655
3112,4607
3113,3790
3113,2534
3113,4618
3113,4481
3113,4599
3113,4633
3113,4625
3113,4589
3113,4601
3113,4628
3114,1379
3114,1396
3114,3810
3114,2885
3114,4465
3114,4599
3114,4070
3114,4656
3114,4657
3114,4590
3115,4658
3115,4659
3115,4660
3115,4661
3115,4617
3115,4592
3115,4593
3115,4662
3115,4663
3115,4594
3116,33
3116,124
3116,4664
3116,1379
3116,3839
3116,2292
3116,4665
3116,4599
3116,4625
3116,4601
3117,1379
3117,1156
3117,4082
3117,1408
3117,3470
3117,2351
3117,2885
3117,4481
3117,2442
3117,4666
3118,580
3118,263
3118,797
3118,4667
3118,4082
3118,4481
3118,3424
3118,4654
3118,4668
3118,4669
3119,879
3119,4670
3119,3818
3119,4671
3119,4637
3119,3766
3119,1382
3119,4672
3119,4481
3119,2442
3120,4673
3120,1398
3120,3433
3120,3526
3120,4595
3120,3528
3120,4603
3120,4481
3120,4616
3120,4668
3121,638
3121,1548
3121,2835
3121,2829
3121,1156
3121,1382
3121,1358
3121,4587
3121,4481
3121,4588
3122,1265
3122,4674
3122,4675
3122,4082
3122,3470
3122,2406
3122,3449
3122,4676
3122,4677
3122,4678
3123,4679
3123,4680
3123,4642
3123,4681
3123,4682
3123,4683
3123,4684
3123,4685
3123,4686
3123,4687
3124,648
3124,1170
3124,1304
3124,180
3124,1265
3124,3434
3124,1382
3124,4688
3124,4689
3124,4656
3125,4619
3125,4508
3125,4680
3125,4690
3125,2406
3125,4691
3125,4692
3125,4693
3125,4694
3125,4695
3126,1287
3126,4696
3126,4082
3126,4697
3126,2686
3126,4680
3126,3517
3126,2406
3126,2392
3126,4663
3127,347
3127,4001
3127,4698
3127,2582
3127,4508
3127,4555
3127,4680
3127,2469
3127,1981
3127,4699
3128,1287
3128,4696
3128,822
3128,876
3128,4082
3128,2420
3128,326
3128,2872
3128,2856
3128,4070
3129,2895
3129,4700
3129,4701
3129,4680
3129,4702
3129,4703
3129,4643
3129,4704
3129,4705
3129,4686
3130,1287
3130,143
3130,888
3130,1554
3130,4706
3130,2333
3130,4555
3130,4680
3130,4461
3130,4707
3131,2292
3131,4665
3131,4680
3131,4465
3131,4501
3131,4474
3131,4496
3131,4708
3131,4709
3131,4710
3132,4120
3132,4082
3132,2489
3132,2292
3132,2326
3132,4599
3132,2297
3132,2427
3132,2299
3132,4711
3133,3545
3133,3761
3133,4712
3133,4713
3133,4680
3133,2305
3133,2338
3133,4714
3133,4715
3133,4716
3134,2351
3134,4717
3134,4718
3134,2451
3134,2406
3134,4489
3134,2452
3134,3515
3134,4636
3134,4692
3135,1510
3135,2238
3135,2444
3135,4453
3135,4719
3135,4574
3135,4544
3135,4720
3135,2411
3135,4721
3136,4722
3136,2597
3136,1186
3136,4723
3136,3470
3136,2874
3136,3445
3136,3446
3136,4656
3136,4654
3137,4333
3137,4453
3137,2451
3137,4724
3137,4499
3137,4466
3137,2294
3137,4488
3137,4467
3137,4476
3138,1398
3138,4725
3138,4639
3138,4481
3138,4599
3138,3549
3138,4726
3138,4668
3138,4727
3138,4728
3139,4729
3139,2305
3139,4730
3139,4731
3139,4732
3139,4534
3139,4733
3139,4734
3139,4735
3139,4736
3140,1417
3140,4547
3140,2476
3140,4534
3140,4737
3140,4473
3140,4457
3140,4503
3140,4504
3140,4738
3141,4739
3141,4508
3141,4740
3141,4741
3141,4742
3141,2329
3141,4468
3141,4622
3141,4743
3141,4744
3142,4745
3142,4453
3142,4547
3142,2451
3142,4465
3142,4482
3142,4503
3142,4469
3142,4484
3142,4512
3143,1417
3143,4746
3143,4747
3143,4481
3143,4599
3143,3449
3143,3446
3143,3424
3143,3507
3143,4668
3144,4748
3144,2318
3144,4749
3144,4621
3144,2329
3144,4750
3144,2406
3144,4463
3144,2463
3144,4600
3145,1170
3145,3798
3145,1156
3145,1411
3145,4082
3145,4599
3145,3446
3145,3424
3145,4668
3145,4727
3146,855
3146,2332
3146,4528
3146,2351
3146,2489
3146,4513
3146,4555
3146,2451
3146,2872
3146,4751
3147,641
3147,2238
3147,321
3147,811
3147,1069
3147,761
3147,2351
3147,4587
3147,4482
3147,4752
3148,1370
3148,826
3148,695
3148,1419
3148,435
3148,4615
3148,4193
3148,4598
3148,4481
3148,4489
3149,4753
3149,4638
3149,4754
3149,4656
3149,4755
3149,3549
3149,4726
3149,4668
3149,4756
3149,4727
3150,852
3150,1370
3150,650
3150,3496
3150,2873
3150,2331
3150,326
3150,4193
3150,2395
3150,4481
3151,1396
3151,3480
3151,4481
3151,4599
3151,4757
3151,3423
3151,3549
3151,4758
3151,4668
3151,4727
3152,826
3152,858
3152,3754
3152,3422
3152,3434
3152,4640
3152,4615
3152,2872
3152,4481
3152,4469
3153,1045
3153,179
3153,1154
3153,1370
3153,495
3153,226
3153,3828
3153,4759
3153,4481
3153,4760
3154,4761
3154,1387
3154,3470
3154,2874
3154,3506
3154,4481
3154,4762
3154,4757
3154,4726
3154,4763
3155,4481
3155,4599
3155,4764
3155,4757
3155,4765
3155,3549
3155,3520
3155,4726
3155,4766
3155,4727
3156,263
3156,1421
3156,1879
3156,3828
3156,2335
3156,4520
3156,4481
3156,2407
3156,2398
3156,4767
3157,583
3157,2897
3157,1317
3157,3497
3157,4586
3157,4481
3157,4070
3157,4469
3157,4590
3157,4654
3158,3521
3158,4768
3158,1156
3158,3500
3158,1382
3158,3469
3158,3445
3158,4591
3158,4481
3158,3424
3159,1400
3159,3434
3159,1257
3159,2291
3159,2351
3159,3497
3159,4591
3159,4481
3159,4469
3159,4769
3160,4770
3160,2319
3160,4481
3160,4604
3160,4564
3160,4624
3160,4642
3160,4590
3160,4771
3160,4772
3161,1396
3161,4586
3161,4520
3161,944
3161,4484
3161,3549
3161,4642
3161,4590
3161,4668
3161,4727
3162,1287
3162,639
3162,227
3162,695
3162,797
3162,2331
3162,2484
3162,326
3162,4262
3162,4773
3163,1783
3163,4120
3163,2489
3163,4724
3163,4591
3163,4599
3163,2406
3163,4546
3163,2392
3163,4774
3164,1045
3164,4333
3164,4696
3164,2637
3164,2466
3164,4520
3164,4482
3164,4599
3164,4519
3164,2858
3165,4105
3165,2656
3165,2937
3165,2850
3165,2581
3165,1378
3165,4775
3165,4776
3165,4719
3165,4777
3166,513
3166,1982
3166,1500
3166,4778
3166,2681
3166,1914
3166,4119
3166,683
3166,1829
3166,4779
3167,4780
3167,4644
3167,4781
3167,4782
3167,4783
3167,4784
3167,4785
3167,4786
3167,4787
3167,4788
3168,2676
3168,4778
3168,1914
3168,4789
3168,4790
3168,4791
3168,4120
3168,4792
3168,253
3168,4793
3169,4794
3169,4795
3169,307
3169,1914
3169,4796
3169,2812
3169,4797
3169,4798
3169,4120
3169,4595
3170,758
3170,172
3170,4120
3170,914
3170,1568
3170,915
3170,1996
3170,1925
3170,4799
3170,4800
3171,1556
3171,1444
3171,4801
3171,1917
3171,1996
3171,3993
3171,4802
3171,1929
3171,4803
3171,4804
3172,540
3172,1354
3172,1554
3172,2335
3172,2434
3172,2395
3173,840
3173,2448
3173,2335
3173,2395
3174,4805
3174,4806
3174,4807
3174,4808
3174,4809
3174,4810
3174,4811
3174,4812
3174,4813
3175,4814
3175,4815
3175,4816
3176,4817
3176,4818
3176,4819
3176,4820
3176,4821
3176,4822
3176,4823
3176,4824
3177,4814
3177,4825
3177,4826
3177,4817
3177,4827
3177,4828
3177,4820
3177,4821
3178,4825
3178,4829
3178,4830
3178,4831
3178,4832
3178,4820
3178,4822
3179,4833
3179,4814
3179,4834
3179,4835
3179,4836
3179,4819
3179,4837
3179,4820
3179,4838
3179,4812
3180,4839
3180,4819
3180,4840
3180,4841
3181,4809
3181,4842
3181,4810
3181,4843
3181,4844
3181,4813
3182,4845
3182,4829
3182,4846
3182,4847
3182,4836
3182,4810
3182,4848
3182,4838
3182,4812
3183,4805
3183,4830
3183,4831
3183,4849
3183,4850
3183,4818
3183,4811
3183,4851
3183,4837
3183,4820
3184,4852
3184,4853
3184,4844
3184,4854
3185,2076
3185,4855
3185,4856
3185,4857
3185,4858
3185,4854
3186,4859
3186,4805
3186,4860
3186,4830
3186,4861
3186,4837
3186,4854
3187,4819
3187,4844
3187,4837
3187,4820
3188,4862
3188,4863
3188,4857
3188,4854
3188,4864
3189,4865
3189,4819
3189,4837
3189,4820
3189,4841
3189,4866
3189,4867
3190,4805
3190,4868
3190,4810
3191,4857
3191,4828
3191,4858
3191,4820
3191,4869
3191,4870
3191,4866
3192,4805
3192,4871
3192,4810
3192,4869
3192,4872
3192,4866
3193,4805
3193,4873
3193,4810
3193,4850
3193,4844
3194,4807
3194,4857
3194,4874
3194,4875
3194,4837
3194,4858
3194,4866
3194,4876
3195,4862
3195,4877
3195,4857
3195,4878
3195,4864
3196,4879
3196,4880
3196,4849
3196,4881
3196,4854
3197,4863
3197,4857
3197,4828
3197,4882
3197,4854
3197,4864
3197,4866
3198,4826
3198,4883
3198,4884
3198,4885
3198,4886
3198,4854
3199,2129
3199,4855
3199,4857
3199,4837
3199,4866
3199,4887
3200,4888
3200,4877
3200,4863
3200,4857
3200,4854
3200,4864
3201,4826
3201,4857
3201,4883
3201,4811
3201,4858
3202,4889
3202,4890
3202,4877
3202,4891
3202,4863
3202,4857
3202,4878
3202,4844
3203,4853
3203,4837
3203,4841
3204,4805
3204,4826
3204,4883
3204,4880
3204,4892
3204,4811
3204,4869
3205,4846
3205,4893
3205,4844
3205,4854
3205,4864
3205,4894
3206,4895
3206,4896
3206,4871
3206,4853
3206,4844
3206,4837
3207,4897
3207,4843
3207,4898
3207,4854
3207,4899
3207,4864
3208,4805
3208,4900
3208,4846
3208,4810
3208,4901
3208,4902
3209,4893
3209,4826
3209,4903
3209,4904
3209,4828
3209,4905
3209,4906
3209,4907
3209,4908
3210,2058
3210,4877
3210,4856
3210,4857
3210,2005
3210,4909
3211,396
3211,540
3211,1376
3211,26
3211,747
3211,2659
3211,2259
3212,3620
3212,124
3212,3840
3212,692
3212,3832
3213,1393
3213,2964
3213,3581
3213,1548
3213,870
3213,1384
3213,43
3213,2880
3214,4910
3214,2895
3214,4781
3214,3826
3214,4123
3214,4911
3214,4912
3214,4913
3215,2810
3215,1899
3215,3620
3215,4910
3215,2895
3215,383
3215,4914
3215,4915
3216,4916
3216,2450
3216,4917
3216,4918
3216,4919
3216,4920
3216,4921
3216,4922
3217,4923
3217,4924
3217,4925
3217,4926
3217,4927
3217,4928
3217,4766
3217,4929
3217,4624
3217,4661
3218,438
3218,592
3218,815
3218,439
3218,894
3218,1005
3218,500
3219,310
3219,1135
3219,159
3219,221
3219,867
3219,249
3219,844
3219,895
3219,692
3220,159
3220,154
3220,840
3220,744
3221,4027
3221,221
3221,1376
3221,249
3221,1142
3221,219
3221,840
3221,838
3221,1767
3222,438
3222,2272
3222,219
3223,1501
3223,708
3223,563
3223,859
3223,2834
3223,795
3224,639
3224,563
3224,300
3224,482
3224,58
3225,154
3225,563
3225,840
3226,221
3226,472
3226,1376
3226,440
3226,677
3226,840
3226,2229
3227,196
3227,223
3227,1945
3227,1466
3227,2832
3228,4220
3228,161
3228,151
3228,77
3228,3894
3228,215
3228,223
3228,795
3228,1890
3229,440
3229,1059
3229,840
3229,1354
3229,300
3229,156
3230,688
3230,673
3230,440
3230,886
3230,223
3230,840
3230,838
3230,631
3231,673
3231,440
3231,840
3231,909
3232,1135
3232,247
3232,154
3232,741
3232,131
3232,840
3233,110
3233,840
3234,396
3234,657
3234,688
3234,26
3234,1371
3235,874
3235,1376
3235,708
3235,440
3235,840
3236,708
3237,657
3237,708
3237,1554
3237,156
3238,1255
3238,161
3238,840
3239,656
3239,657
3239,463
3239,708
3239,440
3239,845
3240,792
3240,665
3240,840
3240,860
3241,383
3242,3581
3242,1554
3243,2523
3243,708
3243,881
3243,1554
3244,1266
3244,399
3244,278
3244,477
3244,1142
3244,570
3244,701
3244,111
3244,895
3244,400
3245,1507
3245,1046
3245,2963
3245,4419
3245,4338
3245,2641
3245,4016
3245,4930
3245,4342
3245,4931
3246,4932
3246,767
3246,4933
3246,4934
3246,4935
3246,2566
3246,4342
3246,4936
3246,4937
3246,2643
3247,649
3247,1412
3247,399
3247,1371
3247,4215
3247,326
3247,2512
3247,4334
3247,364
3247,1187
3248,431
3248,1090
3248,185
3248,399
3248,108
3248,345
3248,697
3248,4334
3248,1440
3248,2574
3249,2211
3249,4938
3249,4939
3249,4940
3249,385
3249,4334
3249,4327
3249,4941
3249,4942
3249,4016
3250,431
3250,1339
3250,227
3250,399
3250,4419
3250,4093
3250,372
3250,4193
3250,4016
3250,4943
3251,185
3251,399
3251,28
3251,345
3251,35
3251,280
3251,504
3251,1216
3251,2512
3251,84
3252,1
3252,1507
3252,792
3252,151
3252,909
3252,111
3252,897
3252,2194
3252,2834
3252,4944
3253,212
3253,151
3253,627
3253,1413
3253,435
3253,3546
3253,542
3253,111
3253,1227
3253,4944
3254,185
3254,399
3254,278
3254,28
3254,1413
3254,3546
3254,268
3254,489
3254,4945
3254,376
3255,185
3255,399
3255,4355
3255,502
3255,2582
3255,2655
3255,4334
3255,4358
3255,4946
3255,3987
3256,399
3256,2963
3256,28
3256,243
3256,326
3256,1227
3256,4947
3256,1187
3256,4944
3256,4948
3257,3546
3257,2582
3257,301
3257,4334
3257,1227
3257,4949
3257,250
3257,2618
3257,4950
3257,2643
3258,4951
3258,4952
3258,4953
3258,4954
3258,4955
3258,4956
3258,1787
3258,4957
3258,4958
3258,4959
3259,2914
3259,4951
3259,4960
3259,4961
3259,4962
3259,4963
3259,4964
3259,4965
3259,4966
3259,4967
3260,4522
3260,4968
3260,4969
3260,4492
3260,4970
3260,4730
3260,4971
3260,4972
3260,4973
3260,4959
3261,4974
3261,4975
3261,4976
3261,4977
3261,4978
3261,4979
3261,4577
3261,4980
3261,4981
3261,4958
3262,4982
3262,4923
3262,4983
3262,4984
3262,4977
3262,4952
3262,4985
3262,4488
3262,4986
3262,4987
3263,4236
3263,131
3263,4988
3263,752
3263,4989
3263,2889
3263,4990
3263,4991
3263,4992
3263,4993
3264,1989
3264,2331
3264,2887
3264,4581
3264,4994
3264,4995
3264,4990
3264,4954
3264,4981
3264,4996
3265,683
3265,4169
3265,2973
3265,4170
3265,4163
3265,4048
3265,4997
3265,4171
3265,4998
3266,3921
3266,3926
3266,3923
3266,2975
3266,3932
3266,4150
3266,4999
3267,3988
3267,3921
3267,3007
3267,3926
3267,3943
3267,3945
3268,429
3268,5000
3268,4194
3268,2973
3268,4179
3269,4169
3269,4194
3269,3926
3269,3923
3269,3932
3269,4171
3269,5001
3269,5002
3270,3988
3270,3225
3270,3923
3270,2975
3270,3943
3270,3944
3270,3945
3270,3932
3271,5003
3271,4209
3271,4210
3271,3261
3271,4020
3271,4153
3272,3988
3272,4194
3272,3926
3272,3943
3272,3944
3272,3945
3272,4150
3273,3225
3273,3963
3273,3943
3273,3944
3274,184
3274,1077
3274,259
3274,3961
3274,3012
3274,4162
3274,2984
3274,2979
3274,4151
3275,4152
3275,5004
3275,4154
3275,4997
3275,5005
3275,5006
3275,5007
3276,759
3276,429
3276,981
3276,3961
3276,3012
3276,5008
3276,3006
3276,5009
3277,718
3277,174
3277,4000
3277,2972
3277,2973
3277,4195
3277,3281
3277,3282
3277,4008
3277,5010
3278,540
3278,1154
3278,472
3278,227
3278,897
3278,5011
3278,5012
3279,1154
3279,161
3279,227
3279,862
3279,1155
3279,2292
3279,2871
3279,4492
3279,5013
3279,4494
3280,855
3280,641
3280,888
3280,5011
3280,4515
3280,4488
3280,2338
3280,5014
3281,4453
3281,4460
3281,4574
3281,4515
3281,4492
3281,2446
3281,5015
3281,2410
3281,5016
3281,5017
3282,33
3282,4574
3282,4515
3282,2326
3282,2410
3282,5018
3282,2414
3282,5019
3282,5016
3282,5020
3283,33
3283,2444
3283,4453
3283,5021
3283,4574
3283,2353
3283,4492
3283,2446
3283,5016
3283,5022
3284,3829
3284,2238
3284,3754
3284,2891
3284,3788
3284,4262
3284,5023
3284,5024
3284,5025
3284,5014
3285,895
3285,4453
3285,4574
3285,2423
3285,4515
3285,2551
3285,4536
3285,5016
3285,5026
3285,5027
3286,2318
3286,4520
3286,4464
3286,2320
3286,2327
3286,2338
3286,5028
3286,4512
3286,5029
3286,5014
3287,5011
3287,4514
3287,2415
3287,4574
3287,2423
3287,2319
3287,2353
3287,4492
3287,2410
3287,5016
3288,4780
3288,2891
3288,5011
3288,2351
3288,2420
3288,4262
3288,4515
3288,4516
3288,2297
3288,5030
3289,4458
3289,2867
3289,4453
3289,4460
3289,4569
3289,2423
3289,4079
3289,4461
3289,2446
3289,5031
3290,2870
3290,4565
3290,4515
3290,4547
3290,4577
3290,5023
3290,2297
3290,2406
3290,5032
3290,5014
3291,4453
3291,4568
3291,4460
3291,4569
3291,2445
3291,2320
3291,2446
3291,4455
3291,5014
3292,4761
3292,4672
3292,4459
3292,4262
3292,2293
3292,5023
3292,4489
3292,5016
3292,5033
3292,5014
3293,4508
3293,4515
3293,4464
3293,4493
3293,4534
3293,5028
3293,4512
3293,4519
3293,5034
3293,2340
3294,4459
3294,2351
3294,4453
3294,4460
3294,2445
3294,2320
3294,2446
3294,4579
3294,4527
3294,4512
3295,4520
3295,4490
3295,2406
3295,2338
3295,5035
3295,5036
3295,5037
3295,5038
3295,5039
3295,5029
3296,855
3296,3581
3296,888
3296,2259
3296,2318
3296,5040
3296,4492
3296,4516
3296,5041
3296,5042
3297,135
3297,682
3297,128
3297,7
3297,5043
3297,1342
3297,5044
3297,2685
3297,5045
3297,293
3298,1223
3298,781
3298,2642
3298,129
3298,4931
3298,2643
3298,5046
3298,5045
3298,5047
3298,205
3299,5048
3299,1075
3299,5049
3299,385
3299,5050
3299,5051
3299,5052
3299,5053
3299,1448
3299,5054
3300,1507
3300,431
3300,185
3300,399
3300,4118
3300,278
3300,225
3300,268
3300,4944
3300,5055
3301,4290
3301,4291
3301,798
3301,956
3301,373
3301,1054
3301,5056
3301,986
3301,795
3301,5057
3302,1576
3302,5058
3302,5059
3302,5060
3302,5056
3302,989
3302,3856
3302,5061
3302,5062
3302,5057
3303,648
3303,103
3303,516
3303,548
3303,5060
3303,5063
3303,668
3303,5062
3303,3891
3303,5064
3304,1576
3304,5058
3304,667
3304,660
3304,5056
3304,3856
3304,5065
3304,5066
3304,5067
3304,5068
3305,997
3305,467
3305,548
3305,546
3305,5069
3305,514
3305,631
3305,3064
3305,5059
3305,640
3306,5058
3306,5060
3306,5063
3306,3856
3306,5061
3306,5062
3306,5070
3306,5071
3306,5072
3306,5067
3307,158
3307,103
3307,516
3307,961
3307,954
3307,972
3307,229
3307,989
3307,640
3307,5066
3308,663
3308,621
3308,700
3308,5069
3308,667
3308,5059
3308,5060
3309,696
3309,667
3309,684
3309,660
3309,5056
3309,5063
3309,668
3309,778
3309,5062
3309,5057
3310,4290
3310,621
3310,4291
3310,956
3310,4304
3310,5073
3310,5056
3310,3856
3310,5067
3310,5074
3311,956
3311,548
3311,546
3311,1362
3311,316
3311,189
3311,660
3311,5056
3311,5075
3311,668
3312,649
3312,502
3312,548
3312,229
3312,3856
3312,640
3312,668
3312,1764
3312,3530
3312,5067
3313,4290
3313,621
3313,956
3313,5073
3313,5056
3313,3856
3313,5076
3313,1094
3313,5074
3314,621
3314,548
3314,5058
3314,667
3314,5059
3314,5060
3314,5063
3314,668
3314,5061
3314,5062
3315,798
3315,548
3315,373
3315,667
3315,5056
3315,5077
3315,778
3315,3530
3315,5062
3315,5078
3316,700
3316,5058
3316,543
3316,219
3316,631
3316,3891
3316,5079
3317,997
3317,516
3317,291
3317,700
3317,473
3317,643
3317,174
3317,5059
3317,3856
3317,640
3318,1576
3318,667
3318,5060
3318,989
3318,3856
3318,668
3318,5062
3318,3891
3318,5080
3318,5057
3319,663
3319,546
3319,5081
3319,667
3319,5060
3319,5077
3319,3530
3319,5061
3319,5062
3319,5057
3320,184
3320,956
3320,1556
3320,954
3320,5073
3320,911
3320,5056
3320,668
3320,5082
3321,663
3321,830
3321,535
3321,467
3321,961
3321,700
3321,548
3321,473
3321,217
3321,668
3322,103
3322,548
3322,660
3322,5056
3322,3856
3322,5077
3322,5061
3322,5070
3322,5083
3323,956
3323,1460
3323,729
3323,660
3323,5084
3323,5060
3323,5056
3323,989
3323,5085
3323,5086
3324,4290
3324,4291
3324,956
3324,729
3324,1545
3324,1033
3324,5056
3324,3856
3324,4071
3324,1094
3325,700
3325,5059
3325,668
3325,5085
3325,3891
3325,5057
3326,5058
3326,667
3326,660
3326,5060
3326,3530
3326,5061
3326,5062
3326,5070
3326,5067
3326,5057
3327,103
3327,956
3327,5073
3327,1141
3327,5056
3327,1120
3327,5076
3327,795
3327,5062
3327,5057
3328,103
3328,961
3328,956
3328,5058
3328,954
3328,660
3328,5056
3328,668
3328,5087
3328,5088
3329,621
3329,1595
3329,961
3329,667
3329,5056
3329,989
3329,1176
3329,5089
3329,5082
3329,613
3330,103
3330,961
3330,1556
3330,954
3330,477
3330,809
3330,3410
3330,989
3331,103
3331,467
3331,956
3331,477
3331,744
3331,760
3331,640
3331,768
3332,1252
3332,516
3332,961
3332,954
3332,5069
3332,57
3332,989
3332,5082
3332,5066
3333,2120
3333,997
3333,467
3333,516
3333,956
3333,1545
3333,643
3333,3856
3333,5082
3333,5090
3334,601
3334,956
3334,5056
3334,3856
3334,768
3334,1764
3334,3530
3334,763
3334,5067
3334,5057
3335,474
3335,4321
3335,1545
3335,3855
3335,1534
3335,1527
3335,3856
3335,5090
3336,1576
3336,798
3336,956
3336,548
3336,1141
3336,660
3336,5056
3336,3856
3336,668
3336,5068
3337,5058
3337,989
3337,3856
3337,5077
3337,1764
3337,5061
3337,5070
3337,5071
3337,5067
3337,5079
3338,119
3338,621
3338,290
3338,919
3338,1362
3338,1564
3338,273
3338,942
3338,1020
3338,640
3339,956
3339,5058
3339,5059
3339,660
3339,5056
3339,989
3339,3856
3339,5061
3339,5062
3339,5057
3340,1580
3340,1527
3340,3856
3340,1122
3340,1764
3340,5067
3340,5057
3341,4290
3341,997
3341,4291
3341,956
3341,643
3341,477
3341,5056
3341,3856
3341,668
3342,4290
3342,202
3342,956
3342,548
3342,681
3342,5056
3342,3856
3342,5062
3342,763
3343,184
3343,103
3343,621
3343,956
3343,1362
3343,174
3343,509
3343,3856
3343,5091
3343,5092
3344,735
3344,997
3344,956
3344,548
3344,5058
3344,5081
3344,643
3344,5056
3344,5061
3344,5057
3345,202
3345,621
3345,516
3345,919
3345,1362
3345,477
3345,5093
3345,1559
3346,648
3346,103
3346,4291
3346,956
3346,373
3346,1556
3346,667
3346,640
3346,5085
3346,3891
3347,563
3347,4291
3347,956
3347,5073
3347,509
3347,640
3347,5094
3347,3891
3347,5057
3347,5074
3348,735
3348,1556
3348,1795
3348,809
3348,660
3348,5056
3348,986
3348,5095
3348,1094
3349,4291
3349,956
3349,5073
3349,5059
3349,660
3349,5056
3349,3856
3349,5096
3349,5057
3349,5074
3350,4291
3350,956
3350,1556
3350,758
3350,941
3350,1795
3350,809
3350,1559
3350,5082
3351,4290
3351,4291
3351,956
3351,1559
3351,986
3351,5096
3351,5062
3351,5097
3351,944
3351,5074
3352,2914
3352,3179
3352,5058
3352,1545
3352,5098
3352,957
3352,5099
3352,5100
3352,5101
3352,5074
3353,601
3353,621
3353,956
3353,4304
3353,5073
3353,1141
3353,5056
3353,5062
3353,5070
3353,763
3354,956
3354,1556
3354,941
3354,5073
3354,660
3354,5056
3354,5096
3354,5062
3354,5102
3354,5074
3355,4291
3355,956
3355,429
3355,5073
3355,667
3355,5096
3355,795
3355,5097
3355,5085
3356,621
3356,956
3356,548
3356,1362
3356,5073
3356,5056
3356,5096
3356,795
3356,3891
3356,5074
3357,5058
3357,696
3357,5098
3357,684
3357,5099
3357,778
3357,5100
3357,5062
3357,5101
3357,5103
3358,965
3358,4291
3358,667
3358,5098
3358,5084
3358,5096
3358,1797
3358,5097
3358,5085
3358,3891
3359,5098
3359,684
3359,5099
3359,778
3359,5104
3359,5100
3359,5062
3359,5101
3359,5094
3359,5103
3360,621
3360,1556
3360,1545
3360,809
3360,3075
3360,5099
3360,5071
3360,5105
3360,5106
3360,3863
3361,4290
3361,621
3361,4291
3361,956
3361,4304
3361,766
3361,660
3361,5056
3361,5070
3361,2971
3362,158
3362,735
3362,997
3362,563
3362,4291
3362,798
3362,956
3362,548
3362,5056
3362,5057
3363,4291
3363,956
3363,1545
3363,4304
3363,429
3363,660
3363,5056
3363,3856
3363,5090
3363,5057
3364,1654
3364,5107
3364,2787
3364,5108
3364,5109
3364,5110
3364,5111
3364,5112
3364,5113
3364,5114
3365,5115
3365,5116
3365,5117
3365,5118
3365,5119
3365,5120
3365,5121
3365,5122
3365,5123
3365,5124
3366,1988
3366,4782
3366,3842
3366,1077
3366,5125
3366,2813
3366,2701
3366,2721
3366,2787
3366,5126
3367,5127
3367,2787
3367,5128
3367,5129
3367,5130
3367,5131
3367,5132
3367,5133
3367,5134
3367,5135
3368,815
3368,805
3368,1595
3368,1555
3368,1556
3368,1563
3368,1256
3368,498
3368,203
3368,1587
3369,1556
3369,1563
3369,744
3369,1581
3369,704
3369,683
3369,1638
3369,1560
3369,1633
3369,5136
3370,1553
3370,1595
3370,1556
3370,1256
3370,204
3370,1761
3370,5137
3370,5136
3370,5138
3370,5139
3371,1556
3371,1756
3371,667
3371,1559
3371,5137
3371,1633
3371,5085
3371,3891
3371,3202
3371,5140
3372,14
3372,941
3372,1587
3372,5141
3372,1559
3372,1569
3372,1571
3372,1575
3372,5142
3372,5143
3373,184
3373,516
3373,798
3373,908
3373,1563
3373,498
3373,760
3373,1760
3373,1779
3373,5140
3374,405
3374,14
3374,737
3374,4289
3374,1256
3374,1531
3374,1642
3374,5144
3374,5145
3374,5146
3375,1566
3375,197
3375,174
3375,5147
3375,1559
3375,1722
3375,768
3375,1560
3375,5148
3375,5149
3376,5150
3376,1556
3376,941
3376,1559
3376,950
3376,1761
3376,5151
3376,1565
3376,5152
3376,5153
3377,202
3377,2120
3377,119
3377,1595
3377,700
3377,643
3377,1141
3377,1749
3378,14
3378,1595
3378,1556
3378,1563
3378,3580
3378,1256
3378,1564
3378,1141
3378,763
3378,5154
3379,1555
3379,1556
3379,5155
3379,3552
3379,1560
3379,5156
3379,5157
3379,5158
3379,4245
3379,5139
3380,1172
3380,3243
3380,1605
3380,684
3380,1600
3380,1176
3380,1632
3380,5159
3380,5160
3380,5161
3381,1595
3381,1555
3381,1556
3381,1563
3381,941
3381,1256
3381,726
3381,595
3381,1141
3381,1559
3382,4270
3382,5162
3382,2272
3382,5163
3382,1176
3382,1632
3382,1560
3382,1633
3382,3559
3382,5164
3383,1632
3383,1769
3383,5165
3383,5166
3383,5167
3383,5168
3383,1999
3383,5169
3383,5170
3383,5171
3384,417
3384,1556
3384,1166
3384,1739
3384,3898
3384,1749
3384,5165
3384,1999
3384,5160
3384,5170
3385,590
3385,1595
3385,1555
3385,291
3385,1756
3385,760
3385,1716
3385,1995
3385,1642
3385,2205
3386,3039
3386,5172
3386,1833
3386,5173
3386,1632
3386,1560
3386,5165
3386,5167
3386,5174
3386,5168
3387,1556
3387,1689
3387,1667
3387,983
3387,1592
3387,1631
3387,1572
3387,5165
3387,5136
3387,5175
3388,1154
3388,463
3388,624
3388,440
3388,1354
3388,1408
3388,3796
3389,1420
3390,122
3390,396
3390,5176
3390,5177
3391,5178
3392,2254
3393,4061
3394,5179
3394,4062
3395,1171
3395,1154
3395,1370
3395,4062
3396,1370
3396,814
3396,1412
3396,1393
3396,3581
3396,1419
3396,570
3397,1425
3397,1420
3397,5180
3398,1420
3398,1417
3398,1427
3399,5181
3399,207
3399,1317
3399,67
3399,2241
3400,1171
3400,1412
3400,895
3401,540
3401,1138
3401,624
3401,440
3401,1420
3401,1373
3402,1266
3402,1154
3402,1412
3402,845
3402,570
3402,139
3403,1154
3403,1370
3403,854
3403,1376
3403,886
3403,1413
3403,878
3404,1393
3404,3765
3404,1137
3404,1392
3405,2835
3405,1137
3406,886
3406,3765
3406,1420
3407,1391
3407,1414
3407,4075
3407,139
3408,25
3408,148
3408,440
3408,156
3409,310
3409,1418
3410,1504
3411,550
3411,472
3411,1412
3411,154
3411,440
3411,1504
3411,862
3411,2941
3412,1425
3412,870
3413,5182
3414,447
3414,1100
3414,534
3414,860
3414,207
3414,1418
3414,2834
3414,3497
3415,1154
3415,1138
3415,624
3415,2879
3415,1358
3416,3796
3417,5183
3418,1417
3418,1392
3418,1408
3418,3444
3419,1551
3419,5184
3420,4061
3421,1171
3421,3581
3421,139
3421,4061
3422,1420
3422,4603
3423,1396
3424,1376
3424,1137
3425,1138
3425,886
3425,1137
3425,860
3426,814
3426,786
3426,1412
3426,495
3426,428
3426,1418
3426,2834
3427,77
3427,886
3427,835
3427,1372
3427,1137
3428,1309
3428,3765
3428,1137
3428,3466
3428,1427
3429,1370
3429,491
3429,1394
3429,1405
3429,1137
3430,1154
3430,537
3430,1137
3430,860
3431,854
3431,472
3431,463
3431,624
3431,845
3431,860
3432,2221
3432,854
3432,4437
3432,845
3432,1474
3432,885
3432,1411
3432,836
3433,110
3433,570
3433,860
3433,789
3433,895
3434,841
3434,1414
3434,1137
3434,2899
3434,890
3435,77
3435,1068
3435,1137
3435,475
3435,3840
3436,1171
3437,5185
3437,1420
3437,5181
3438,792
3438,656
3438,624
3438,1412
3438,1137
3438,860
3439,1309
3439,5183
3439,860
3439,4077
3440,879
3440,1137
3440,1417
3440,1088
3440,1427
3441,624
3441,840
3441,139
3441,1415
3442,1370
3442,880
3442,1137
3442,1410
3443,1501
3443,708
3443,886
3443,1059
3443,1372
3444,1899
3444,1417
3444,1396
3444,3840
3444,3491
3445,1396
3445,1551
3446,570
3446,860
3447,4585
3448,854
3448,1453
3448,1137
3448,1410
3449,165
3449,814
3449,862
3449,835
3449,1137
3449,4075
3449,860
3449,5186
3450,1396
3450,3491
3450,3535
3451,2879
3451,4075
3452,1405
3452,1132
3452,4079
3453,3765
3453,1137
3453,4075
3453,2880
3454,396
3454,1154
3454,472
3454,624
3454,1397
3454,440
3455,1417
3455,1410
3455,5187
3456,122
3456,814
3456,4712
3456,5182
3457,537
3457,165
3457,4064
3458,1426
3458,3815
3458,4069
3459,122
3459,396
3459,1309
3459,1154
3459,2199
3459,1425
3459,1419
3460,5188
3460,1246
3460,1391
3460,2897
3460,1408
3461,1138
3461,463
3461,624
3461,1397
3461,148
3462,1370
3462,651
3462,110
3462,148
3462,863
3462,853
3462,845
3462,2879
3462,860
3463,396
3463,2895
3463,641
3463,428
3463,1080
3463,3757
3464,1154
3464,656
3464,786
3464,440
3464,534
3465,1266
3465,1414
3465,1419
3465,534
3465,5179
3465,4077
3466,5189
3467,1373
3467,1491
3467,1354
3468,2899
3469,1425
3469,1417
3469,4075
3470,396
3470,1080
3470,4069
3470,5190
3471,4077
3472,792
3472,1370
3472,656
3472,472
3472,440
3472,2879
3472,1379
3473,447
3473,119
3473,543
3473,646
3473,219
3473,515
3473,5191
3474,310
3474,695
3474,798
3474,548
3474,543
3474,646
3474,173
3474,634
3474,5192
3474,5193
3475,310
3475,470
3475,100
3475,216
3475,219
3475,101
3475,313
3475,3856
3475,5193
3476,310
3476,543
3476,498
3476,760
3476,229
3476,1054
3476,1779
3476,5192
3477,298
3477,447
3477,1256
3477,219
3477,498
3477,515
3477,962
3478,177
3478,1468
3478,513
3478,103
3478,548
3478,203
3478,229
3478,194
3478,18
3478,232
3479,887
3479,894
3479,100
3479,1059
3479,131
3479,665
3479,498
3479,703
3479,156
3480,513
3480,537
3480,886
3480,1080
3480,131
3480,1534
3480,515
3480,836
3480,722
3481,589
3481,731
3481,543
3481,689
3481,1256
3481,625
3481,194
3481,684
3482,1124
3482,131
3482,498
3482,194
3482,5194
3482,5195
3483,638
3483,177
3483,1377
3483,219
3483,135
3483,172
3483,772
3483,194
3483,762
3484,502
3484,103
3484,548
3484,5196
3484,219
3484,197
3484,229
3484,144
3484,816
3484,1525
3485,649
3485,537
3485,543
3485,168
3485,219
3485,811
3485,515
3485,5197
3486,122
3486,641
3486,543
3486,646
3486,1054
3486,316
3486,18
3486,5192
3486,5193
3487,310
3487,1553
3487,287
3487,373
3487,543
3487,216
3487,219
3487,173
3487,141
3487,727
3488,110
3488,1059
3488,194
3488,631
3489,1032
3489,798
3489,373
3489,646
3489,219
3489,1147
3489,498
3489,727
3490,431
3490,135
3490,498
3490,186
3490,1466
3490,1122
3490,289
3491,287
3491,548
3491,543
3491,5198
3491,172
3491,194
3491,602
3491,727
3491,3861
3491,5199
3492,310
3492,4267
3492,103
3492,417
3492,287
3492,548
3492,92
3492,5198
3492,194
3492,806
3493,563
3493,798
3493,731
3493,689
3493,646
3493,650
3493,506
3493,172
3493,189
3494,56
3494,1847
3494,174
3494,827
3494,667
3494,280
3494,1466
3494,3920
3494,1902
3495,537
3495,395
3495,516
3495,287
3495,92
3495,5198
3495,1059
3495,194
3495,5195
3496,638
3496,310
3496,158
3496,537
3496,287
3496,5198
3496,104
3496,194
3496,3410
3497,735
3497,695
3497,548
3497,2985
3497,1059
3497,1147
3497,1564
3497,1357
3497,5200
3497,5201
3498,648
3498,601
3498,103
3498,816
3498,778
3498,727
3498,1525
3498,5199
3499,395
3499,103
3499,417
3499,287
3499,548
3499,5198
3499,646
3499,3
3499,5202
3500,1170
3500,1501
3500,1047
3500,1394
3500,219
3500,634
3500,194
3500,515
3500,5203
3501,4307
3501,1545
3501,2969
3501,1527
3501,1122
3501,5204
3501,622
3501,1525
3501,3863
3501,5199
3502,731
3502,667
3502,194
3502,732
3502,668
3502,896
3502,3861
3502,3258
3502,5203
3503,513
3503,395
3503,731
3503,92
3503,5198
3503,667
3503,732
3503,795
3504,537
3504,395
3504,103
3504,535
3504,749
3504,470
3504,216
3504,665
3504,135
3504,3883
3505,651
3505,735
3505,516
3505,798
3505,5198
3505,1761
3505,1023
3505,727
3505,3032
3506,291
3506,473
3506,219
3506,498
3506,1354
3506,174
3506,1945
3506,1761
3506,3858
3507,650
3507,498
3507,297
3507,217
3507,174
3507,667
3507,1564
3507,795
3508,431
3508,535
3508,287
3508,548
3508,5198
3508,1377
3508,697
3508,1466
3508,1125
3508,5205
3509,287
3509,548
3509,373
3509,5198
3509,100
3509,498
3509,631
3509,5195
3509,3032
3510,310
3510,735
3510,103
3510,1576
3510,731
3510,689
3510,5198
3510,312
3510,3032
3511,735
3511,495
3511,1032
3511,798
3511,731
3511,546
3511,689
3511,5198
3511,727
3511,3032
3512,638
3512,431
3512,4118
3512,2836
3512,506
3512,397
3512,359
3512,5206
3512,915
3512,5207
3513,373
3513,643
3513,5198
3513,646
3513,120
3513,429
3513,536
3513,1024
3513,5208
3514,1765
3514,961
3514,172
3514,989
3514,2002
3514,3530
3514,5200
3514,5209
3514,5210
3514,5211
3515,535
3515,961
3515,989
3515,1357
3515,5087
3515,5200
3515,5212
3515,5213
3515,5214
3515,5209
3516,537
3516,462
3516,439
3516,172
3516,694
3516,194
3516,686
3517,5215
3517,2084
3517,3514
3517,5216
3517,5206
3517,5217
3517,5218
3517,5219
3517,5220
3517,5221
3518,5222
3518,5223
3518,513
3518,5224
3518,5225
3518,5226
3518,5227
3518,5228
3518,5229
3518,5230
3519,5231
3519,5232
3519,5233
3519,5234
3519,5235
3519,5217
3519,5236
3519,5219
3519,5237
3519,5238
3520,5239
3520,5240
3520,4988
3520,5224
3520,5225
3520,3592
3520,5241
3520,5242
3520,5243
3520,5221
3521,5244
3521,5245
3521,4789
3521,3635
3521,5225
3521,3592
3521,5246
3521,5247
3521,5242
3521,5243
3522,5244
3522,4888
3522,5224
3522,5225
3522,3592
3522,5248
3522,5249
3522,5250
3522,5221
3522,5251
3523,786
3523,1978
3523,110
3523,169
3523,876
3523,2253
3523,861
3524,638
3524,852
3524,491
3524,853
3524,570
3524,2936
3525,1097
3525,877
3526,541
3526,110
3526,300
3527,1983
3528,108
3528,1394
3528,853
3528,1068
3528,842
3528,5252
3529,2831
3529,878
3530,786
3530,110
3530,1404
3530,840
3530,694
3531,1058
3531,472
3531,156
3532,694
3532,156
3533,161
3533,814
3533,886
3533,741
3533,1354
3534,814
3534,2902
3534,26
3534,110
3534,881
3534,1404
3534,1246
3534,1405
3535,2844
3535,2831
3535,374
3536,122
3536,701
3537,472
3537,495
3537,570
3537,156
3538,854
3538,110
3538,866
3539,1138
3539,463
3539,154
3539,374
3539,694
3539,156
3540,1138
3540,701
3541,741
3541,1372
3541,570
3541,701
3542,110
3542,1386
3543,1404
3543,374
3544,495
3544,1404
3544,840
3545,814
3545,786
3545,840
3546,814
3546,835
3547,814
3547,786
3547,840
3547,1381
3548,874
3548,165
3548,814
3548,463
3548,1404
3548,840
3549,110
3549,1404
3550,814
3550,786
3550,886
3551,122
3551,814
3551,1412
3551,1404
3552,165
3552,1371
3552,1404
3552,840
3553,656
3553,1405
3553,840
3554,657
3554,456
3554,1405
3554,840
3555,651
3555,1241
3555,741
3555,534
3556,1412
3556,1405
3556,534
3557,874
3557,786
3557,110
3558,227
3558,840
3558,156
3559,852
3559,1419
3559,840
3559,570
3559,2880
3560,638
3560,852
3560,1371
3560,861
3560,1427
3561,853
3561,1404
3561,1405
3561,861
3562,1383
3562,677
3562,1371
3562,1405
3562,895
3563,1138
3563,657
3563,494
3563,456
3563,771
3563,844
3563,840
3564,874
3564,786
3564,863
3564,1132
3565,874
3565,1337
3565,165
3565,29
3565,1410
3565,2941
3566,1255
3566,154
3566,1410
3566,2230
3567,657
3567,1404
3567,1405
3567,156
3568,840
3569,694
3570,1461
3570,463
3570,26
3570,428
3570,860
3570,1381
3570,3794
3571,298
3571,834
3571,1404
3571,1405
3571,1390
3572,1404
3572,1405
3572,840
3573,247
3573,741
3573,844
3573,840
3574,1453
3574,695
3574,1405
3575,814
3575,1405
3575,870
3576,786
3577,2302
3577,2325
3577,2311
3577,5253
3577,2312
3577,2295
3577,2381
3577,2323
3577,5254
3577,2374
3578,2357
3578,2327
3578,2295
3578,2296
3578,2381
3578,2436
3578,5255
3578,2382
3578,2338
3578,2298
3579,2830
3579,124
3579,2885
3579,4482
3579,2327
3579,2328
3579,2329
3579,2401
3579,2397
3579,2376
3580,2437
3580,2487
3580,2488
3580,4916
3580,2441
3580,5256
3580,2295
3580,2402
3580,5257
3580,2397
3581,4027
3581,5258
3581,5259
3581,2312
3581,5260
3581,2381
3581,5261
3581,2417
3581,5262
3581,2385
3582,1982
3582,2484
3582,2318
3582,4508
3582,2312
3582,4492
3582,2295
3582,5263
3582,4488
3582,5264
3583,172
3583,2404
3583,2420
3583,5265
3583,2352
3583,2396
3583,2296
3583,2406
3583,4500
3583,2390
3584,1484
3584,2870
3584,2391
3584,5266
3584,4492
3584,2885
3584,2295
3584,5267
3584,5268
3584,5269
3585,5270
3585,2466
3585,2303
3585,2325
3585,2312
3585,2381
3585,5267
3585,5254
3585,5269
3585,671
3586,4753
3586,2437
3586,2303
3586,4701
3586,5271
3586,2314
3586,2315
3586,2857
3586,5272
3586,5273
3587,2254
3587,5259
3587,2356
3587,5274
3587,2418
3587,5275
3587,2316
3587,5276
3587,5277
3587,4549
3588,5278
3588,5279
3588,5280
3588,5281
3588,5282
3588,5283
3588,5284
3588,5285
3588,5286
3588,5287
3589,1756
3589,5288
3589,5289
3589,5290
3589,5291
3589,3020
3589,5292
3589,5293
3589,5294
3589,5295
3590,776
3590,899
3590,5296
3590,5297
3590,5298
3590,5299
3590,5300
3590,5301
3590,5293
3590,5302
3591,1668
3591,629
3591,5303
3591,5304
3591,5305
3591,5306
3591,3712
3591,5288
3591,5293
3591,5109
3592,814
3592,1453
3592,695
3592,4413
3593,491
3593,428
3593,1372
3593,1379
3593,4086
3593,5307
3593,5308
3594,871
3594,1241
3594,695
3594,1552
3594,374
3594,5309
3594,836
3595,2199
3595,534
3595,840
3595,1354
3596,886
3596,690
3596,2240
3596,789
3597,310
3597,1171
3597,879
3597,870
3598,227
3598,841
3598,374
3599,3836
3599,428
3599,2899
3599,3840
3599,5310
3600,1171
3600,3836
3600,3581
3600,1406
3600,347
3600,3835
3601,472
3601,3836
3601,840
3601,2834
3602,396
3602,1171
3602,2957
3602,651
3602,3836
3602,3765
3603,1045
3603,1171
3603,814
3603,2254
3603,879
3603,2259
3604,1171
3604,882
3604,1412
3604,3836
3604,5311
3605,1370
3605,2862
3605,1412
3605,3836
3605,495
3605,863
3605,841
3605,680
3605,5177
3606,639
3606,882
3606,814
3606,695
3606,2199
3607,3836
3607,1406
3607,1381
3607,1549
3607,5312
3607,861
3607,3782
3607,1550
3608,1138
3608,3836
3608,840
3608,2829
3608,1549
3608,156
3608,1550
3609,396
3609,1171
3610,1461
3610,854
3610,1453
3610,495
3610,2254
3610,1372
3610,836
3611,2226
3611,1416
3611,5313
3611,3579
3611,5314
3611,5315
3611,5316
3612,1370
3612,491
3612,3836
3612,1552
3613,1171
3613,3581
3613,2190
3613,1423
3614,675
3614,3836
3614,428
3614,2835
3614,1552
3614,135
3614,3754
3614,2880
3615,1171
3615,428
3615,879
3616,1154
3616,161
3616,882
3616,110
3616,870
3617,1171
3617,814
3617,641
3617,3836
3617,148
3617,886
3617,1371
3617,1378
3617,3842
3618,1171
3618,651
3618,880
3618,886
3618,888
3618,1386
3618,2259
3618,5317
3619,1171
3619,541
3619,1504
3619,886
3619,1552
3620,1171
3620,814
3620,886
3620,1414
3620,2190
3620,1423
3621,1598
3621,1796
3621,903
3621,5318
3621,1798
3621,1799
3621,5319
3621,3104
3621,5320
3621,3105
3622,1811
3622,5318
3622,1798
3622,5321
3622,5322
3622,1799
3622,5319
3622,5323
3623,4333
3623,124
3624,874
3624,1155
3625,657
3625,863
3626,1154
3626,814
3626,456
3626,1372
3626,1549
3627,786
3627,1405
3627,840
3628,675
3628,895
3629,310
3629,447
3629,3081
3629,862
3629,886
3629,4719
3629,3551
3630,580
3630,1059
3630,841
3630,3754
3630,570
3630,1151
3630,5324
3631,1154
3631,3829
3631,886
3631,3754
3631,3840
3631,1156
3632,638
3632,541
3632,855
3632,1405
3632,1427
3632,4480
3633,438
3633,657
3633,491
3633,862
3633,840
3634,310
3634,5325
3634,124
3634,3754
3634,2911
3634,4633
3634,5326
3635,701
3636,1241
3636,1053
3636,1155
3636,876
3636,2609
3637,495
3637,1371
3637,1405
3637,847
3638,438
3638,657
3638,463
3638,879
3638,840
3638,860
3638,300
3639,1171
3639,657
3639,639
3639,494
3639,428
3639,1372
3639,789
3640,1376
3640,26
3641,651
3641,814
3641,741
3641,1551
3641,5327
3642,1154
3642,3828
3642,300
3642,856
3643,396
3643,874
3643,537
3643,151
3643,1241
3643,814
3643,708
3643,863
3643,1405
3644,3529
3644,1255
3644,77
3644,1973
3644,1155
3644,1317
3644,5328
3645,639
3645,840
3645,866
3646,428
3646,858
3646,1140
3646,359
3646,2259
3647,3521
3647,834
3647,879
3647,841
3647,1404
3647,1405
3647,4216
3648,122
3648,2200
3648,3829
3648,1140
3648,2190
3648,1156
3648,3774
3648,3763
3649,438
3649,657
3649,227
3649,440
3649,881
3649,1405
3649,840
3649,866
3650,472
3650,3836
3650,456
3650,110
3650,1404
3650,1405
3650,840
3651,463
3651,1371
3651,1405
3651,840
3652,639
3652,26
3652,853
3652,879
3652,1372
3652,1354
3652,836
3653,122
3653,1241
3653,1080
3653,1372
3653,1100
3653,1426
3653,789
3654,879
3654,1405
3655,319
3655,1554
3655,3840
3656,1488
3657,1171
3657,428
3657,1548
3657,1424
3657,3757
3657,1140
3657,1408
3657,4062
3658,1322
3658,5329
3658,5330
3658,5331
3658,1278
3658,3506
3658,5332
3658,5333
3658,5334
3658,5335
3659,589
3659,4290
3659,417
3659,956
3659,5336
3659,1166
3659,5202
3659,924
3659,1038
3659,901
3660,960
3660,898
3660,1814
3660,900
3660,949
3660,920
3660,911
3660,5337
3660,901
3661,563
3661,287
3661,798
3661,373
3661,1037
3661,189
3661,924
3661,911
3661,1038
3661,3856
3662,648
3662,735
3662,417
3662,744
3662,760
3662,809
3662,1740
3662,911
3662,1559
3663,417
3663,287
3663,1556
3663,923
3663,1469
3663,941
3663,709
3663,3874
3663,950
3663,1013
3664,960
3664,417
3664,1576
3664,798
3664,373
3664,924
3664,5059
3664,962
3664,911
3664,3856
3665,184
3665,960
3665,535
3665,509
3665,796
3665,5338
3665,911
3665,906
3665,1761
3665,5339
3666,589
3666,4290
3666,956
3666,5336
3666,1166
3666,5202
3666,924
3666,911
3666,1038
3666,5340
3667,589
3667,184
3667,725
3667,939
3667,417
3667,809
3667,1141
3667,3540
3667,709
3667,981
3668,1018
3668,4287
3668,982
3668,972
3668,643
3668,942
3668,5341
3668,1008
3668,1760
3668,3311
3669,184
3669,939
3669,417
3669,287
3669,809
3669,5342
3669,911
3669,901
3669,762
3670,1576
3670,982
3670,809
3670,924
3670,1008
3670,5343
3670,5344
3670,5340
3670,5345
3671,960
3671,1018
3671,4287
3671,982
3671,643
3671,744
3671,1008
3671,995
3671,1760
3671,86
3672,960
3672,805
3672,535
3672,509
3672,186
3672,5338
3672,906
3672,603
3672,5339
3673,589
3673,1014
3673,908
3673,373
3673,1037
3673,1141
3673,962
3673,911
3673,1038
3673,901
3674,589
3674,939
3674,417
3674,516
3674,373
3674,696
3674,514
3674,809
3674,1141
3674,3540
3675,601
3675,184
3675,805
3675,939
3675,417
3675,798
3675,956
3675,373
3675,1141
3675,3540
3676,287
3676,729
3676,1545
3676,962
3676,660
3676,911
3676,5084
3676,5056
3676,5346
3676,1006
3677,776
3677,939
3677,103
3677,563
3677,516
3677,373
3677,101
3677,3540
3677,1740
3677,1559
3678,977
3678,5336
3678,908
3678,1362
3678,1587
3678,911
3678,5343
3678,5344
3678,978
3678,5345
3679,917
3679,918
3679,287
3679,919
3679,1556
3679,4287
3679,982
3679,5347
3679,3311
3679,733
3680,119
3680,516
3680,287
3680,373
3680,168
3680,595
3680,1564
3680,273
3680,1740
3680,1559
3681,776
3681,184
3681,899
3681,509
3681,57
3681,1016
3681,724
3681,3301
3681,962
3681,1017
3682,184
3682,287
3682,923
3682,898
3682,4287
3682,982
3682,5341
3682,1008
3682,1031
3682,1022
3683,960
3683,805
3683,417
3683,961
3683,908
3683,744
3683,809
3683,911
3683,989
3683,1006
3684,648
3684,939
3684,287
3684,798
3684,373
3684,297
3684,514
3684,1141
3684,980
3684,911
3685,960
3685,417
3685,923
3685,509
3685,809
3685,724
3685,1033
3685,911
3685,901
3685,5348
3686,5349
3686,4287
3686,1166
3686,982
3686,3874
3686,1176
3686,5350
3686,986
3686,1006
3686,925
3687,158
3687,3229
3687,3894
3687,980
3687,983
3687,796
3687,1008
3687,911
3687,901
3687,4071
3688,3229
3688,4287
3688,982
3688,249
3688,650
3688,101
3688,760
3688,189
3688,1008
3688,4071
3689,960
3689,917
3689,918
3689,4287
3689,982
3689,5338
3689,911
3689,1006
3689,4071
3689,733
3690,184
3690,960
3690,939
3690,417
3690,696
3690,809
3690,827
3690,3540
3690,911
3690,1006
3691,960
3691,417
3691,798
3691,3262
3691,583
3691,972
3691,924
3691,962
3691,911
3691,1013
3692,960
3692,287
3692,5351
3692,1037
3692,898
3692,696
3692,809
3692,911
3692,1038
3692,5352
3693,648
3693,960
3693,202
3693,373
3693,477
3693,203
3693,514
3693,1033
3693,320
3694,776
3694,1014
3694,899
3694,1016
3694,3301
3694,5342
3694,962
3694,5353
3694,5348
3694,5339
3695,589
3695,184
3695,1362
3695,477
3695,174
3695,509
3695,629
3695,1017
3695,5354
3695,5096
3696,184
3696,1576
3696,1556
3696,941
3696,1035
3696,3874
3696,762
3696,5355
3696,950
3697,3179
3697,961
3697,5351
3697,954
3697,509
3697,3540
3697,910
3697,911
3697,5356
3697,5096
3698,589
3698,184
3698,805
3698,939
3698,417
3698,956
3698,696
3698,3540
3698,5357
3698,911
3699,1576
3699,1556
3699,196
3699,4287
3699,982
3699,941
3699,5358
3699,3874
3699,640
3699,950
3700,589
3700,960
3700,939
3700,417
3700,956
3700,3262
3700,1141
3700,3540
3700,911
3700,1013
3701,462
3701,417
3701,516
3701,548
3701,5069
3701,595
3701,3540
3701,5359
3701,911
3701,5056
3702,1556
3702,4287
3702,982
3702,941
3702,204
3702,1008
3702,1031
3702,1022
3702,3874
3702,950
3703,1252
3703,184
3703,960
3703,919
3703,4287
3703,982
3703,509
3703,3311
3703,1006
3703,733
3704,648
3704,589
3704,815
3704,735
3704,373
3704,718
3704,5342
3704,5360
3704,640
3704,5339
3705,1016
3705,796
3705,724
3705,962
3705,1033
3705,911
3705,1017
3705,816
3705,5361
3705,4071
3706,184
3706,1576
3706,1556
3706,4287
3706,982
3706,941
3706,1564
3706,3874
3706,762
3706,950
3707,939
3707,287
3707,798
3707,543
3707,546
3707,931
3707,514
3707,3540
3707,911
3707,957
3708,1576
3708,5362
3708,1556
3708,941
3708,1875
3708,969
3708,5343
3708,5344
3708,5363
3708,5340
3709,939
3709,4284
3709,4287
3709,982
3709,941
3709,3874
3709,1176
3709,5099
3709,950
3709,1006
3710,184
3710,939
3710,287
3710,548
3710,514
3710,509
3710,5364
3710,1141
3710,911
3710,5365
3711,417
3711,931
3711,900
3711,5359
3711,5060
3711,901
3711,5366
3711,3939
3711,5355
3711,1013
3712,960
3712,417
3712,1556
3712,1018
3712,4287
3712,941
3712,174
3712,1008
3712,911
3712,1760
3713,184
3713,939
3713,961
3713,172
3713,509
3713,1020
3713,5342
3713,911
3713,986
3713,1761
3714,103
3714,417
3714,965
3714,516
3714,798
3714,972
3714,924
3714,3540
3714,911
3715,1556
3715,1018
3715,4287
3715,941
3715,1822
3715,5341
3715,1008
3715,1760
3715,3311
3716,589
3716,552
3716,805
3716,373
3716,718
3716,509
3716,186
3716,1141
3716,684
3716,5339
3717,1252
3717,2120
3717,467
3717,982
3717,650
3717,101
3717,3311
3717,986
3718,589
3718,997
3718,798
3718,3262
3718,1766
3718,643
3718,217
3718,3540
3718,911
3718,912
3719,977
3719,908
3719,1362
3719,809
3719,1587
3719,5343
3719,5344
3719,978
3719,1827
3719,5340
3720,195
3720,744
3720,536
3720,101
3720,809
3720,1587
3720,1564
3720,911
3720,499
3720,1827
3721,1252
3721,462
3721,663
3721,3229
3721,2121
3721,5367
3721,3311
3721,5368
3722,184
3722,960
3722,417
3722,965
3722,809
3722,911
3722,901
3722,499
3722,5369
3723,977
3723,202
3723,417
3723,798
3723,956
3723,3540
3723,709
3723,978
3723,640
3723,5340
3724,977
3724,417
3724,1576
3724,941
3724,1587
3724,1608
3724,5359
3724,5344
3724,5075
3724,978
3725,184
3725,960
3725,917
3725,919
3725,4287
3725,982
3725,643
3725,5370
3725,509
3725,733
3726,805
3726,417
3726,961
3726,546
3726,972
3726,1141
3726,911
3726,995
3726,957
3726,5371
3727,184
3727,815
3727,1766
3727,168
3727,203
3727,726
3727,794
3727,1812
3727,640
3728,158
3728,184
3728,462
3728,815
3728,663
3728,1766
3728,5367
3728,980
3728,3311
3728,5368
3729,592
3729,583
3729,60
3729,101
3729,938
3729,1008
3729,901
3730,960
3730,798
3730,1766
3730,1018
3730,5372
3730,4287
3730,1654
3730,745
3730,640
3730,5348
3731,735
3731,960
3731,663
3731,563
3731,972
3731,60
3731,760
3731,5373
3731,640
3732,4290
3732,960
3732,417
3732,4291
3732,956
3732,1087
3732,373
3732,1469
3732,477
3732,5374
3733,417
3733,1039
3733,4291
3733,5375
3733,4293
3733,4304
3733,5374
3733,5376
3733,5377
3733,986
3734,3179
3734,1595
3734,4304
3734,1469
3734,1598
3734,1284
3734,899
3734,5378
3734,1600
3734,957
3735,417
3735,3179
3735,4286
3735,3868
3735,4304
3735,911
3735,5379
3735,5380
3735,957
3735,5381
3736,648
3736,776
3736,184
3736,552
3736,960
3736,417
3736,373
3736,4286
3736,583
3736,5382
3737,417
3737,1469
3737,5378
3737,1596
3737,709
3737,3878
3737,912
3737,984
3737,5383
3737,5382
3738,4290
3738,965
3738,4291
3738,956
3738,1087
3738,1545
3738,5374
3738,901
3738,5099
3738,5096
3739,417
3739,737
3739,729
3739,1545
3739,924
3739,911
3739,912
3739,955
3739,3856
3739,5383
3740,5384
3740,3789
3740,2830
3740,2226
3740,4722
3740,5385
3740,5386
3740,3480
3741,1899
3741,5387
3741,2226
3741,4637
3741,5388
3741,5389
3742,785
3742,3812
3742,1419
3743,2221
3743,641
3743,708
3743,886
3743,1420
3743,4935
3743,4719
3743,4586
3744,3620
3744,2895
3744,3840
3744,4748
3744,861
3745,491
3745,456
3745,665
3745,845
3746,4126
3746,124
3746,2891
3746,4115
3746,5390
3747,4702
3748,1420
3749,19
3749,1155
3749,1391
3749,4115
3749,890
3749,2655
3749,5389
3750,2221
3750,785
3750,1419
3750,694
3750,2201
3751,1899
3751,2830
3751,3519
3752,2895
3752,888
3752,5391
3752,4115
3752,5392
3753,263
3753,4780
3753,2830
3753,858
3753,3546
3753,2201
3753,5393
3754,4648
3754,2905
3754,4122
3755,533
3755,13
3755,119
3755,92
3755,135
3755,16
3755,316
3755,48
3755,88
3755,522
3756,158
3756,11
3756,148
3756,13
3756,120
3756,16
3756,189
3756,190
3756,424
3756,512
3757,59
3757,90
3757,91
3757,27
3757,307
3757,120
3757,139
3757,393
3757,578
3757,478
3758,158
3758,438
3758,11
3758,117
3758,60
3758,16
3758,210
3758,424
3758,5394
3758,62
3759,158
3759,11
3759,91
3759,133
3759,118
3759,475
3759,316
3759,121
3759,9
3759,106
3760,165
3760,11
3760,117
3760,91
3760,27
3760,306
3760,61
3760,574
3760,181
3760,314
3761,5395
3761,1339
3761,1046
3761,345
3761,3758
3761,5396
3761,333
3761,5397
3761,5398
3761,5399
3762,158
3762,11
3762,117
3762,148
3762,92
3762,120
3762,75
3762,88
3762,121
3762,5400
3763,5395
3763,185
3763,345
3763,35
3763,268
3763,333
3763,2497
3763,5397
3763,566
3763,5401
3764,158
3764,11
3764,225
3764,216
3764,200
3764,329
3764,189
3764,167
3764,190
3764,5402
3765,5395
3765,161
3765,165
3765,11
3765,117
3765,201
3765,168
3765,223
3765,112
3765,121
3766,431
3766,310
3766,1106
3766,278
3766,83
3766,187
3766,345
3766,268
3766,376
3766,1213
3767,1267
3767,11
3767,399
3767,258
3767,268
3767,250
3767,389
3767,448
3767,308
3767,458
3768,165
3768,894
3768,13
3768,436
3768,673
3768,16
3768,2230
3768,155
3768,164
3768,1235
3769,13
3769,225
3769,187
3769,345
3769,104
3769,1216
3769,220
3769,5403
3769,147
3769,1331
3770,11
3770,117
3770,13
3770,345
3770,169
3770,120
3770,139
3770,220
3770,457
3770,478
3771,11
3771,27
3771,13
3771,241
3771,2585
3771,144
3771,51
3771,43
3771,478
3771,2604
3772,431
3772,310
3772,1106
3772,278
3772,83
3772,187
3772,345
3772,268
3772,376
3772,1213
3773,1045
3773,2810
3773,1219
3773,5404
3773,1395
3773,3814
3773,1100
3773,869
3773,5405
3774,1385
3774,3819
3774,494
3774,296
3774,3581
3774,2901
3774,869
3774,570
3774,312
3774,5406
3775,2862
3775,5407
3775,2897
3775,869
3775,1186
3775,3499
3775,5408
3775,2209
3775,5409
3776,756
3776,1426
3776,3499
3776,692
3776,5410
3776,5411
3777,1385
3777,5412
3777,2895
3777,5407
3777,4670
3777,243
3777,2897
3777,869
3777,5413
3777,3422
3778,1385
3778,5407
3778,1372
3778,1100
3778,506
3778,5414
3778,3809
3778,5415
3778,139
3778,1912
3779,1045
3779,310
3779,5407
3779,659
3779,877
3779,869
3779,2454
3779,5416
3779,5417
3780,792
3780,3620
3780,1385
3780,5418
3780,1068
3780,1147
3780,888
3780,3466
3781,871
3781,1385
3781,756
3781,2896
3781,506
3781,869
3781,772
3781,5406
3781,5409
3782,1045
3782,5407
3782,2901
3782,570
3782,772
3782,5419
3782,1549
3782,1064
3782,67
3782,692
3783,1045
3783,5407
3783,1325
3783,869
3783,1186
3783,1373
3783,5420
3783,5421
3783,5415
3784,1045
3784,2862
3784,879
3784,1406
3784,869
3784,1265
3784,2905
3784,5410
3784,5406
3785,1405
3786,1405
3787,1241
3787,1404
3788,310
3788,1394
3788,1155
3788,1405
3789,1390
3790,310
3790,1154
3790,751
3790,886
3790,1425
3790,1371
3790,741
3790,836
3791,834
3791,1404
3791,2350
3791,1405
3792,1045
3792,540
3792,26
3792,456
3792,1059
3793,675
3793,154
3793,886
3794,641
3794,624
3794,1552
3794,1404
3794,1390
3795,651
3795,708
3795,374
3796,1068
3797,456
3797,440
3797,1371
3797,665
3797,1404
3798,1453
3799,874
3799,657
3799,156
3800,842
3801,657
3801,135
3802,221
3802,1371
3802,3496
3802,680
3803,638
3803,639
3803,1405
3804,814
3805,2232
3805,849
3805,1503
3805,3581
3805,2229
3805,1415
3806,1394
3806,1405
3807,161
3807,882
3807,1376
3807,840
3807,838
3808,1266
3808,1058
3808,641
3808,374
3809,4361
3809,4392
3809,375
3809,1242
3809,2649
3809,4615
3809,268
3809,3987
3809,5422
3809,5423
3810,649
3810,185
3810,278
3810,4392
3810,1822
3810,268
3810,4946
3810,3987
3810,2880
3810,53
3811,1463
3811,258
3811,187
3811,1179
3811,4946
3811,1307
3811,5424
3811,3993
3811,5425
3811,315
3812,310
3812,185
3812,1463
3812,4416
3812,118
3812,448
3812,1134
3812,4393
3812,123
3812,234
3813,5426
3813,1468
3813,4105
3813,185
3813,1503
3813,4392
3813,375
3813,18
3813,5427
3813,5428
3814,1507
3814,627
3814,4118
3814,5429
3814,267
3814,3560
3814,5430
3814,5431
3814,5432
3814,5433
3815,11
3815,201
3815,345
3815,548
3815,307
3815,101
3815,173
3815,104
3815,189
3815,457
3816,1190
3816,28
3816,345
3816,827
3816,79
3816,244
3816,1216
3816,1321
3816,5434
3816,1333
3817,199
3817,27
3817,492
3817,28
3817,345
3817,268
3817,1216
3817,1225
3817,308
3817,404
3818,142
3818,1190
3818,4428
3818,451
3818,4431
3818,1279
3818,1305
3818,1116
3818,1193
3818,5435
3819,451
3819,206
3819,28
3819,241
3819,2581
3819,376
3819,5436
3819,5437
3819,5438
3819,5439
3820,185
3820,341
3820,2963
3820,451
3820,4392
3820,345
3820,548
3820,1216
3820,5440
3820,4349
3821,358
3821,4412
3821,4432
3821,451
3821,4407
3821,565
3821,5440
3821,5441
3821,5442
3821,5438
3822,1337
3822,451
3822,28
3822,345
3822,489
3822,333
3822,1116
3822,31
3822,378
3822,5443
3823,341
3823,1224
3823,492
3823,475
3823,1216
3823,364
3823,4198
3823,4012
3823,5015
3823,4349
3824,496
3824,41
3824,28
3824,835
3824,1216
3824,329
3824,250
3824,1321
3824,457
3824,5444
3825,142
3825,483
3825,496
3825,345
3825,241
3825,502
3825,104
3825,208
3825,493
3825,209
3826,431
3826,11
3826,496
3826,2
3826,241
3826,1216
3826,1321
3826,209
3826,121
3826,549
3827,451
3827,4447
3827,469
3827,3404
3827,5045
3827,5445
3827,4374
3827,5446
3827,5438
3827,5447
3828,451
3828,1305
3828,307
3828,326
3828,489
3828,376
3828,1200
3828,5448
3828,5438
3828,5439
3829,344
3829,737
3829,898
3829,869
3829,5449
3829,5450
3829,4612
3829,1942
3829,5451
3829,5452
3830,4288
3830,1502
3830,1479
3830,2555
3830,5453
3830,5454
3830,5455
3830,5456
3830,5457
3830,5458
3831,34
3831,5459
3831,1724
3831,3304
3831,174
3831,4674
3831,1176
3831,5460
3831,3273
3831,5461
3832,649
3832,5462
3832,5463
3832,3304
3832,5464
3832,4238
3832,5465
3832,4255
3832,2555
3832,5466
3833,1304
3833,5462
3833,429
3833,3039
3833,4157
3833,2657
3833,211
3833,3925
3833,5467
3833,5468
3834,2914
3834,5469
3834,1479
3834,1669
3834,4530
3834,5470
3834,5471
3834,5472
3834,5473
3834,5474
3835,5450
3835,2833
3835,5475
3835,5476
3835,5477
3835,5478
3835,5479
3835,5209
3835,5480
3835,5481
3836,344
3836,1280
3836,5482
3836,5483
3836,2955
3836,5484
3836,1512
3836,5485
3836,5486
3836,5487
3837,1598
3837,5488
3837,1735
3837,5489
3837,5490
3837,5491
3837,5492
3837,5493
3837,5494
3837,5495
3838,4911
3838,2914
3838,3302
3838,5463
3838,5496
3838,1297
3838,2923
3838,3318
3838,5497
3838,5498
3839,1199
3839,2955
3839,5460
3839,5499
3839,5500
3839,5501
3839,5502
3839,5503
3839,5504
3839,5505
3840,5460
3840,5506
3840,2267
3840,5507
3840,5508
3840,5509
3840,5510
3840,5511
3840,5512
3840,5513
3841,1065
3841,5514
3841,2002
3841,1002
3841,5515
3841,5516
3841,5517
3841,5518
3841,5519
3841,5520
3842,179
3842,168
3842,60
3842,101
3842,22
3842,6
3842,114
3842,526
3842,32
3842,63
3843,213
3843,91
3843,306
3843,28
3843,120
3843,369
3843,162
3843,3
3843,48
3843,53
3844,3078
3844,467
3844,673
3844,101
3844,156
3844,75
3844,160
3844,441
3844,632
3844,64
3845,28
3845,226
3845,139
3845,393
3845,1151
3845,547
3845,18
3845,121
3845,5521
3845,5522
3846,431
3846,28
3846,168
3846,508
3846,162
3846,1415
3846,2497
3846,53
3846,2638
3846,5523
3847,431
3847,118
3847,28
3847,3
3847,1132
3847,48
3847,6
3847,167
3847,102
3847,93
3848,431
3848,582
3848,13
3848,28
3848,345
3848,3078
3848,3
3848,406
3848,89
3848,1273
3849,13
3849,28
3849,97
3849,878
3849,5524
3849,329
3849,317
3849,547
3849,89
3849,1736
3850,2963
3850,13
3850,28
3850,225
3850,139
3850,3
3850,170
3850,164
3850,132
3850,3054
3851,431
3851,161
3851,91
3851,28
3851,216
3851,568
3851,162
3851,181
3851,251
3851,64
3852,179
3852,13
3852,492
3852,28
3852,516
3852,51
3852,525
3852,85
3852,500
3852,480
3853,496
3853,28
3853,46
3853,3078
3853,215
3853,3
3853,317
3853,170
3853,89
3853,3054
3854,82
3854,496
3854,12
3854,13
3854,28
3854,225
3854,1151
3854,1638
3854,31
3854,5525
3855,82
3855,12
3855,13
3855,2
3855,28
3855,215
3855,128
3855,170
3855,5506
3855,164
3856,431
3856,13
3856,28
3856,3078
3856,101
3856,329
3856,170
3856,938
3856,89
3856,64
3857,11
3857,108
3857,2963
3857,13
3857,28
3857,4424
3857,139
3857,329
3857,31
3857,1001
3858,179
3858,12
3858,46
3858,168
3858,120
3858,61
3858,30
3858,74
3858,532
3858,480
3859,11
3859,496
3859,28
3859,241
3859,139
3859,170
3859,322
3859,87
3859,3087
3859,5526
3860,33
3860,496
3860,13
3860,3
3860,1151
3860,2497
3860,317
3860,603
3860,132
3860,3054
3861,13
3861,28
3861,1080
3861,226
3861,1100
3861,15
3861,139
3861,329
3861,1102
3861,132
3862,82
3862,13
3862,28
3862,97
3862,225
3862,316
3862,329
3862,170
3862,164
3862,102
3863,179
3863,56
3863,13
3863,516
3863,215
3863,101
3863,73
3863,75
3863,6
3863,480
3864,151
3864,82
3864,2
3864,28
3864,202
3864,215
3864,162
3864,1119
3864,2558
3864,164
3865,3789
3865,463
3865,1354
3865,734
3866,3789
3866,2216
3866,399
3866,278
3866,845
3866,3840
3866,836
3867,3789
3867,5387
3867,5527
3867,3840
3867,5314
3867,2190
3867,1423
3867,5528
3867,4632
3867,5529
3868,871
3868,3789
3868,785
3868,1376
3868,786
3868,840
3868,300
3868,3840
3869,338
3869,300
3869,430
3869,3840
3869,2508
3869,3820
3869,5530
3870,159
3870,472
3870,4911
3870,440
3870,300
3870,5531
3870,754
3870,734
3871,1978
3871,185
3871,83
3871,243
3871,228
3871,268
3871,1456
3871,308
3871,349
3871,5532
3872,161
3872,185
3872,110
3872,299
3872,111
3872,200
3872,5531
3872,250
3872,349
3872,303
3873,185
3873,247
3873,299
3873,228
3873,111
3873,244
3873,302
3873,5533
3873,349
3873,303
3874,1468
3874,247
3874,695
3874,111
3874,200
3874,128
3874,244
3874,268
3874,448
3874,3409
3875,177
3875,1468
3875,398
3875,2637
3875,13
3875,1080
3875,243
3875,104
3875,3803
3875,5534
3876,177
3876,1503
3876,178
3876,283
3876,243
3876,510
3876,391
3876,3803
3876,1125
3876,121
3877,1468
3877,447
3877,185
3877,28
3877,83
3877,859
3877,243
3877,111
3877,885
3877,268
3878,151
3878,165
3878,1428
3878,16
3878,73
3878,5531
3878,244
3878,268
3878,314
3878,1320
3879,59
3879,177
3879,185
3879,148
3879,296
3879,178
3879,283
3879,5535
3879,129
3879,3803
3880,177
3880,1468
3880,2637
3880,13
3880,178
3880,283
3880,243
3880,244
3880,3803
3880,5536
3881,5537
3881,243
3881,5429
3881,420
3881,129
3881,3409
3881,3939
3881,5538
3881,5539
3881,5534
3882,185
3882,278
3882,283
3882,243
3882,228
3882,4119
3882,5531
3882,5429
3882,349
3882,5534
3883,143
3883,299
3883,665
3883,228
3883,111
3883,633
3883,838
3883,244
3883,441
3883,349
3884,447
3884,657
3884,159
3884,1495
3884,185
3884,154
3884,243
3884,1354
3884,838
3884,441
3885,90
3885,25
3885,110
3885,201
3885,3581
3885,243
3885,1354
3885,268
3885,18
3885,121
3886,177
3886,178
3886,283
3886,243
3886,244
3886,308
3886,3803
3886,418
3886,5534
3886,5540
3887,243
3887,402
3887,5531
3887,129
3887,1505
3887,5541
3887,3803
3887,1218
3887,5542
3887,5536
3888,177
3888,178
3888,771
3888,223
3888,243
3888,155
3888,838
3888,268
3888,5541
3888,5543
3889,213
3889,299
3889,16
3889,574
3889,48
3889,244
3889,389
3889,308
3889,5544
3889,378
3890,177
3890,283
3890,243
3890,5429
3890,129
3890,1129
3890,3803
3890,5543
3890,5539
3890,5534
3891,243
3891,4552
3891,2195
3891,5531
3891,308
3891,5541
3891,5533
3891,418
3891,5543
3891,5534
3892,3545
3892,5413
3892,129
3892,5541
3892,418
3892,5539
3892,5545
3892,5542
3892,2638
3892,5540
3893,1507
3893,263
3893,431
3893,1510
3893,4118
3893,278
3893,57
3893,1073
3893,5546
3893,5547
3894,1507
3894,122
3894,185
3894,843
3894,278
3894,1488
3894,5548
3894,5549
3894,5550
3894,5551
3895,1507
3895,431
3895,278
3895,57
3895,1073
3895,5552
3895,5546
3895,774
3895,702
3895,5547
3896,5553
3896,5554
3896,5555
3896,1091
3896,5556
3896,5557
3896,5558
3896,5559
3896,5560
3896,5561
3897,5553
3897,5554
3897,1091
3897,5562
3897,5556
3897,5563
3897,5564
3897,5565
3897,5566
3898,5553
3898,5554
3898,5567
3898,1942
3898,5568
3898,5569
3898,5565
3898,5560
3898,5570
3899,3443
3899,2212
3899,5554
3899,1091
3899,5571
3899,5569
3899,5572
3899,5565
3899,5566
3899,5573
3900,310
3900,5574
3900,5555
3900,1091
3900,5575
3900,5557
3900,5559
3900,5576
3900,5577
3901,3443
3901,659
3901,833
3901,782
3901,5578
3901,5563
3901,5575
3901,5572
3901,5565
3901,5579
3902,3443
3902,833
3902,5580
3902,5562
3902,5575
3902,1454
3902,5565
3902,5581
3902,5570
3903,1490
3903,5463
3903,519
3903,5582
3903,5557
3903,5581
3903,5583
3903,5584
3903,5585
3904,2212
3904,1259
3904,5586
3904,5582
3904,1200
3904,5557
3904,5587
3904,5588
3904,5559
3904,5585
3905,5553
3905,5555
3905,5558
3905,5572
3905,5559
3905,5589
3905,5561
3905,5590
3906,3443
3906,588
3906,5567
3906,5586
3906,1096
3906,5572
3906,5565
3907,5553
3907,127
3907,1091
3907,5556
3907,5564
3907,5572
3907,5565
3907,5589
3907,5591
3907,5570
3908,5553
3908,5554
3908,1091
3908,5562
3908,1159
3908,5556
3908,5563
3908,5575
3908,5565
3908,5581
3909,5554
3909,1091
3909,5556
3909,5563
3909,5575
3909,5564
3909,5565
3909,5581
3909,5570
3910,4267
3910,782
3910,5368
3910,5556
3910,1096
3910,1942
3910,5592
3910,5593
3910,5569
3910,5589
3911,5554
3911,782
3911,3842
3911,5567
3911,5562
3911,175
3911,3811
3911,5569
3911,5565
3911,5581
3912,833
3912,782
3912,1074
3912,1022
3912,5368
3912,5594
3912,5595
3912,5570
3913,5596
3913,5554
3913,782
3913,1073
3913,684
3913,5569
3913,5594
3913,5597
3913,5598
3913,5570
3914,1507
3914,3443
3914,5599
3914,5463
3914,5582
3914,4016
3914,2674
3914,5600
3915,541
3915,2835
3915,860
3915,1481
3915,573
3915,5483
3915,5563
3915,5581
3915,1429
3916,589
3916,2212
3916,5601
3916,175
3916,5602
3916,5603
3916,5569
3916,5604
3916,5605
3916,5606
3917,1507
3917,405
3917,4612
3917,1481
3917,5582
3917,5607
3917,1429
3918,580
3918,746
3918,814
3918,646
3918,1059
3918,1490
3918,397
3918,253
3919,650
3919,1142
3919,101
3919,5567
3919,5586
3919,1942
3919,5581
3919,5608
3920,263
3920,5463
3920,1485
3920,175
3920,5602
3920,3811
3920,5606
3921,5462
3921,5609
3921,4236
3921,5582
3921,1509
3921,5610
3921,5569
3921,5611
3921,5612
3921,5613
3922,2232
3922,1171
3922,1241
3922,2831
3922,886
3922,861
3923,814
3923,881
3923,1068
3923,1546
3924,1171
3924,227
3924,300
3925,895
3925,5327
3926,25
3926,853
3926,841
3927,1546
3928,1385
3928,814
3928,842
3928,1405
3929,695
3930,853
3930,835
3931,853
3931,892
3931,5614
3931,5615
3931,5616
3931,5617
3931,5618
3932,3743
3932,5619
3932,5616
3932,5620
3932,5621
3932,5622
3932,5623
3932,5624
3932,5625
3933,438
3933,853
3933,892
3933,3562
3933,5626
3933,5615
3933,5627
3934,568
3934,5628
3935,472
3935,156
3935,866
3935,3617
3935,5626
3936,540
3936,2454
3936,156
3936,3617
3936,3589
3937,844
3937,3562
3937,3590
3937,5629
3937,5616
3937,5630
3937,3729
3937,5631
3938,840
3938,5632
3939,624
3939,3617
3939,3590
3939,5629
3939,5633
3940,438
3940,1241
3940,3562
3940,3617
3940,3564
3940,5633
3940,5634
3940,5625
3941,2902
3941,3562
3941,5633
3942,3589
3942,3672
3942,3704
3942,5633
3942,5635
3942,5625
3942,5636
3943,844
3943,3617
3943,5637
3943,5638
3943,5639
3944,3729
3944,5635
3944,5636
3945,438
3945,894
3945,1412
3945,853
3945,3562
3945,3617
3945,3589
3946,5640
3946,3743
3946,5626
3946,3672
3946,5638
3946,5639
3947,3626
3947,3743
3947,3672
3947,5641
3947,3704
3947,3729
3947,5627
3947,5623
3948,3562
3948,5642
3948,5643
3948,5644
3948,5645
3948,5641
3948,5633
3949,1554
3949,568
3949,3589
3949,5632
3949,5646
3949,5647
3949,5648
3950,785
3950,3842
3950,156
3951,5649
3951,3678
3951,5626
3951,5650
3951,5651
3951,5652
3951,5638
3952,853
3952,3589
3952,5653
3952,3672
3953,310
3953,2101
3953,5654
3953,1552
3954,792
3954,651
3954,639
3954,1177
3954,881
3954,756
3954,741
3954,822
3954,4256
3955,638
3955,90
3955,1171
3955,854
3955,641
3955,1059
3955,1547
3956,1138
3956,1241
3956,881
3956,694
3956,866
3957,2810
3957,3620
3957,1982
3957,2895
3957,1421
3957,2902
3957,5184
3958,5655
3958,5075
3958,5099
3958,5346
3958,5500
3958,5656
3958,5062
3958,5085
3958,5657
3958,5067
3959,5098
3959,5099
3959,5500
3959,5656
3959,5062
3959,5085
3959,5101
3959,5657
3959,5091
3959,5067
3960,1576
3960,667
3960,186
3960,5096
3960,668
3960,5656
3960,5085
3960,5658
3960,5657
3960,3891
3961,681
3961,3874
3961,5347
3961,5346
3961,5500
3961,5656
3961,5097
3961,5085
3961,5091
3961,5659
3962,695
3963,2228
3964,495
3965,110
3965,886
3965,1371
3965,1404
3965,840
3965,897
3966,886
3966,1405
3967,145
3967,908
3967,182
3967,68
3967,89
3967,4386
3967,4377
3967,738
3967,4390
3967,4367
3968,1
3968,1058
3968,1358
3968,73
3968,66
3968,200
3968,128
3968,795
3968,623
3968,478
3969,358
3969,5660
3969,124
3969,1048
3969,4421
3969,1431
3969,633
3969,2492
3969,253
3969,5661
3970,4333
3970,358
3970,145
3970,1199
3970,118
3970,4410
3970,69
3970,5662
3970,5663
3970,5664
3971,894
3971,590
3971,296
3971,674
3971,279
3971,340
3971,4393
3971,3925
3971,275
3971,4363
3972,77
3972,185
3972,225
3972,718
3972,2581
3972,1358
3972,68
3972,198
3972,320
3972,795
3973,1982
3973,145
3973,4410
3973,4719
3973,1276
3973,253
3973,5665
3973,5666
3973,5667
3973,5668
3974,1048
3974,145
3974,4402
3974,4410
3974,333
3974,458
3974,262
3974,5666
3974,5667
3974,5668
3975,398
3975,507
3975,28
3975,1431
3975,1077
3975,69
3975,4006
3975,378
3975,5669
3975,5670
3976,71
3976,185
3976,491
3976,118
3976,100
3976,1493
3976,1431
3976,22
3976,3409
3976,4350
3977,2199
3977,4270
3977,1625
3977,876
3977,1608
3978,1287
3978,143
3978,4722
3978,2637
3978,798
3978,65
3978,2230
3978,5671
3978,5672
3978,5673
3979,1287
3979,4027
3979,3789
3979,4105
3979,5674
3979,5675
3979,5676
3979,2649
3979,5677
3980,5678
3980,5679
3980,5680
3980,5681
3980,5682
3980,5683
3980,5684
3980,5685
3980,5686
3980,5687
3981,4105
3981,4722
3981,2637
3981,5688
3981,5689
3981,5690
3981,5691
3981,5692
3981,5693
3981,5694
3982,1287
3982,3792
3982,3793
3982,1053
3982,3466
3982,65
3982,1423
3982,2195
3982,4585
3982,5695
3983,3819
3983,5696
3983,5697
3983,5698
3983,4698
3983,4120
3983,5699
3983,5700
3983,5701
3983,5702
3984,1287
3984,1395
3984,2195
3984,5697
3984,5703
3984,5704
3984,5698
3984,4698
3984,361
3984,5705
3985,4722
3985,879
3985,5706
3985,5672
3985,5680
3985,5684
3985,4615
3985,5707
3985,4616
3985,5708
3986,1287
3986,4722
3986,1395
3986,841
3986,5709
3986,4698
3986,4614
3986,67
3986,5672
3986,5710
3987,1287
3987,771
3987,5711
3987,5712
3987,65
3987,4614
3987,5713
3987,361
3987,5714
3987,2832
3988,5715
3988,5408
3988,5697
3988,5704
3988,2826
3988,5716
3988,5717
3988,2946
3988,5718
3988,5719
3989,1287
3989,4722
3989,33
3989,34
3989,2581
3989,1378
3989,2190
3989,5676
3989,5720
3989,790
3990,4609
3990,5697
3990,5703
3990,5704
3990,5698
3990,4698
3990,5721
3990,2959
3990,5722
3991,2523
3991,143
3991,1097
3991,321
3991,870
3991,1554
3991,2829
3991,1381
3991,5723
3991,5724
3992,4614
3992,4706
3992,5706
3992,5676
3992,4697
3992,5672
3992,5725
3992,4615
3992,4616
3992,5708
3993,1370
3993,641
3993,797
3993,879
3993,300
3993,65
3993,5726
3993,4697
3993,5727
3994,1287
3994,638
3994,143
3994,1058
3994,872
3994,1554
3994,65
3994,1358
3994,4679
3994,2196
3995,1287
3995,1171
3995,2850
3995,842
3995,4614
3995,4697
3995,5728
3995,5729
3996,5730
3996,5731
3996,5732
3996,5706
3996,2213
3996,1318
3996,5733
3996,5734
3996,5497
3996,5470
3997,4722
3997,797
3997,1378
3997,172
3997,2194
3997,5568
3997,3811
3997,5735
3998,3792
3998,659
3998,33
3998,3828
3998,847
3998,5736
3998,5737
3998,5738
3998,571
3998,5739
3999,2949
3999,4595
3999,4697
3999,5740
3999,5741
3999,5672
3999,5723
3999,5717
3999,5684
3999,4616
4000,4722
4000,4132
4000,5703
4000,4614
4000,5730
4000,4706
4000,5706
4000,5676
4000,3464
4000,5742
4001,1287
4001,4722
4001,1412
4001,797
4001,5743
4001,3467
4001,5187
4001,4697
4001,5684
4001,4616
4002,1287
4002,4722
4002,374
4002,1554
4002,885
4002,5740
4002,2191
4002,539
4002,5744
4002,3418
4003,1171
4003,4722
4003,1552
4003,1474
4003,1381
4003,65
4003,4609
4003,3448
4003,43
4003,3782
4004,5183
4004,3760
4004,5743
4004,4614
4004,5745
4004,5679
4004,5723
4004,5685
4004,5686
4004,5746
4005,5387
4005,4722
4005,306
4005,5747
4005,1391
4005,5748
4005,5749
4005,2649
4005,5750
4005,5751
4006,3792
4006,4722
4006,3793
4006,659
4006,228
4006,5743
4006,895
4006,5700
4006,5723
4006,2938
4007,4673
4007,4552
4007,2949
4007,4725
4007,5752
4007,5753
4007,5754
4007,5740
4007,5738
4007,3418
4008,4420
4008,1397
4008,835
4008,5747
4008,1554
4008,65
4008,5697
4008,5755
4008,5683
4008,4615
4009,4722
4009,5747
4009,4748
4009,4725
4009,4614
4009,5756
4009,5757
4009,5755
4009,5680
4009,2649
4010,1287
4010,143
4010,797
4010,879
4010,2193
4010,5758
4010,4614
4010,2649
4010,1551
4010,3782
4011,854
4011,804
4011,151
4011,639
4011,1267
4011,1978
4011,538
4011,73
4012,639
4012,25
4012,494
4012,822
4012,2189
4012,1419
4012,111
4012,1132
4013,439
4013,25
4013,494
4013,456
4013,131
4013,694
4013,316
4013,838
4014,580
4014,310
4014,855
4014,880
4014,428
4014,646
4014,1132
4015,580
4015,310
4015,4124
4016,5759
4016,2862
4016,3773
4016,1325
4016,3760
4016,5760
4016,5761
4016,3499
4016,5762
4016,5763
4017,657
4017,1495
4017,887
4017,110
4017,440
4017,1419
4017,694
4017,156
4017,754
4018,541
4018,472
4018,463
4018,3406
4018,400
4018,156
4019,541
4019,854
4019,855
4019,247
4019,494
4019,5764
4019,399
4019,633
4019,5765
4020,2221
4020,541
4020,695
4020,1428
4020,347
4020,1419
4020,400
4020,856
4020,885
4021,447
4021,854
4021,708
4021,1978
4021,2199
4021,748
4021,751
4021,711
4021,890
4021,1201
4022,4794
4022,310
4022,1053
4022,2238
4022,201
4022,741
4022,180
4022,1358
4022,75
4023,2523
4023,1370
4023,1421
4023,108
4023,1503
4023,711
4023,1069
4023,105
4023,5766
4024,143
4024,1978
4024,1412
4024,1973
4024,399
4024,108
4024,4118
4024,5767
4024,2963
4024,1201
4025,786
4025,154
4026,776
4026,1037
4026,899
4026,5768
4026,3469
4026,4762
4026,5769
4026,5770
4026,5771
4026,5772
4027,3433
4027,3469
4027,4762
4027,3449
4027,5773
4027,3423
4027,3424
4027,4657
4027,5774
4027,5775
4028,1974
4028,5776
4028,3516
4028,3472
4028,5777
4028,5778
4028,3503
4028,3536
4028,5779
4028,5780
4029,4333
4029,3526
4029,5781
4029,5782
4029,3446
4029,4657
4029,5783
4029,5784
4029,5785
4029,5786
4030,3468
4030,732
4030,3516
4030,3436
4030,3497
4030,3517
4030,2877
4030,3449
4030,4657
4030,5787
4031,1164
4031,3433
4031,3434
4031,2191
4031,3472
4031,5777
4031,3539
4031,5788
4031,5780
4031,5789
4032,1045
4032,798
4032,972
4032,3434
4032,1382
4032,1411
4032,3449
4032,5770
4032,5771
4032,5790
4033,2873
4033,326
4033,5791
4033,5792
4033,3484
4033,5793
4033,3447
4033,5794
4033,5795
4033,5796
4034,1287
4034,338
4034,2216
4034,878
4034,3840
4034,2689
4035,151
4035,463
4035,533
4035,28
4035,225
4035,436
4035,848
4035,1151
4035,166
4035,603
4036,159
4036,165
4036,533
4036,201
4036,215
4036,848
4036,219
4036,603
4036,164
4036,2204
4037,3078
4037,5196
4037,585
4037,5797
4037,5798
4037,5799
4037,5800
4037,5801
4037,5802
4037,5803
4038,2533
4038,501
4038,493
4038,5804
4038,2501
4038,486
4038,5805
4038,1471
4038,2513
4038,5806
4039,2533
4039,469
4039,5804
4039,5807
4039,486
4039,487
4039,5805
4039,5808
4039,5806
4039,5809
4040,961
4040,5196
4040,989
4040,5810
4040,5800
4040,5811
4040,5812
4040,5813
4040,5814
4040,5815
